குறள்,எண்,மாத்திரை,உயிர்க்குறில்,உயிர்நெடில்,ஆய்தம்,மெய்,உயிர்மெய்க்குறில்,உயிர்மெய்நெடில்,உயிரளபெடை,ஒற்றளபெடை,ஐகாரக்குறுக்கம்_முதல்,ஐகாரக்குறுக்கம்_இடைகடை,ஒளகாரக்குறுக்கம்,குற்றியலுகரம்,குற்றியலிகரம்,மகரக்குறுக்கம்,ஆய்தக்குறுக்கம்
"அகர முதல எழுத்தெல்லாம் ஆதி
பகவன் முதற்றே உலகு.",1,1 1 1    1 1 1    1 1 0.5 1 0.5 2 0.5    2 1    1 1 1 0.5    1 1 0.5 2    1 1 0.5    ,3,1,0,5,14,2,0,0,0,0,0,1,0,0,0
"கற்றதனால் ஆய பயனென்கொல் வாலறிவன்
நற்றாள் தொழாஅர் எனின்.",2,1 0.5 1 1 2 0.5    2 1    1 1 1 0.5 1 0.5    2 1 1 1 0.5    1 0.5 2 0.5    1 3 0.5    1 1 0.5    ,1,1,0,9,14,3,1,0,0,0,0,0,0,0,0
"மலர்மிசை ஏகினான் மாணடி சேர்ந்தார்
நிலமிசை நீடுவாழ் வார்.",3,1 1 0.5 1 1    2 1 2 0.5    2 1 1    2 0.5 0.5 2 0.5    1 1 1 1    2 1 2 0.5    2 0.5    ,0,1,0,7,10,7,0,0,0,2,0,0,0,0,0
"வேண்டுதல் வேண்டாமை இலானடி சேர்ந்தார்க்கு
யாண்டும் இடும்பை இல.",4,2 0.5 1 1 0.5    2 0.5 2 1    1 2 1 1    2 0.5 0.5 2 0.5 0.5 0.5    2 0.5 1 0.5    1 1 0.5 1    1 1    ,3,0,0,10,7,7,0,0,0,2,0,1,0,0,0
"இருள்சேர் இருவினையும் சேரா இறைவன்
பொருள்சேர் புகழ்புரிந்தார் மாட்டு.",5,1 1 0.5 2 0.5    1 1 1 1 1 0.5    2 2    1 1 1 0.5    1 1 0.5 2 0.5    1 1 0.5 1 1 0.5 2 0.5    2 0.5 0.5    ,3,0,0,10,11,6,0,0,0,2,0,1,0,0,0
"பொறிவாயில் ஐந்தவித்தான் பொய்தீர் ஒழுக்க
நெறிநின்றார் நீடுவாழ் வார்.",6,1 1 2 1 0.5    1.5 0.5 1 1 0.5 2 0.5    1 0.5 2 0.5    1 1 0.5 1    1 1 1 0.5 2 0.5    2 1 2 0.5    2 0.5    ,1,0,0,11,12,7,0,0,1,0,0,0,0,0,0
"தனக்குவமை இல்லாதான் தாள்சேர்ந்தார்க் கல்லால்
மனக்கவலை மாற்றல் அரிது.",7,1 1 0.5 1 1 1    1 0.5 2 2 0.5    2 0.5 2 0.5 0.5 2 0.5 0.5    1 0.5 2 0.5    1 1 0.5 1 1 1    2 0.5 1 0.5    1 1 0.5    ,2,0,0,13,11,7,0,0,0,2,0,1,0,0,0
"அறவாழி அந்தணன் தாள்சேர்ந்தார்க் கல்லால்
பிறவாழி நீந்தல் அரிது.",8,1 1 2 1    1 0.5 1 1 0.5    2 0.5 2 0.5 0.5 2 0.5 0.5    1 0.5 2 0.5    1 1 2 1    2 0.5 1 0.5    1 1 0.5    ,3,0,0,11,10,7,0,0,0,0,0,1,0,0,0
"கோளில் பொறியின் குணமிலவே எண்குணத்தான்
தாளை வணங்காத் தலை.",9,2 1 0.5    1 0.5* 1 0.5    1 1 1 1 2    1 0.5 1 1 0.5 2 0.5    2 1    1 1 0.5 2 0.5    1 1    ,1,0,0,7,12,5,0,0,0,2,0,0,1,0,0
"பிறவிப் பெருங்கடல் நீந்துவர் நீந்தார்
இறைவன் அடிசேரா தார்.",10,1 1 1 0.5    1 1 0.5 1 1 0.5    2 0.5 1 1 0.5    2 0.5 2 0.5    1 1 1 0.5    1 1 2 2    2 0.5    ,2,0,0,9,11,6,0,0,0,1,0,0,0,0,0
"வான்நின்று உலகம் வழங்கி வருதலால்
தான்அமிழ்தம் என்றுணரற் பாற்று.",11,2 0.5 1 0.5 0.5    1 1 1 0.5    1 1 0.5 1    1 1 1 2 0.5    2 1 1 0.5 1 0.5    1 0.5 1 1 1 0.5    2 0.5 0.5    ,2,0,0,10,15,4,0,0,0,0,0,2,0,0,0
"துப்பார்க்குத் துப்பாய துப்பாக்கித் துப்பார்க்குத்
துப்பாய தூஉம் மழை.",12,1 0.5 2 0.5 0.5 1 0.5    1 0.5 2 1    1 0.5 2 0.5 1 0.5    1 0.5 2 0.5 0.5 1 0.5    1 0.5 2 1    3 0.5    1 1    ,0,0,0,14,11,5,1,0,0,1,0,0,0,0,0
"விண்இன்று பொய்ப்பின் விரிநீர் வியனுலகத்து
உள்நின்று உடற்றும் பசி.",13,1 1 0.5 0.5    1 0.5 0.5 1 0.5    1 1 2 0.5    1 1 1 1 1 0.5 0.5    1 0.5 1 0.5 0.5    1 1 0.5 1 0.5    1 1    ,2,0,0,10,16,1,0,0,0,0,0,3,0,0,0
"ஏரின் உழாஅர் உழவர் புயல்என்னும்
வாரி வளங்குன்றிக் கால்.",14,2 1 0.5    1 3 0.5    1 1 1 0.5    1 1 1 0.5 1 0.5    2 1    1 1 0.5 1 0.5 1 0.5    2 0.5    ,2,1,0,9,12,2,1,0,0,0,0,0,0,0,0
"கெடுப்பதூஉம் கெட்டார்க்குச் சார்வாய்மற் றாங்கே
எடுப்பதூஉம் எல்லாம் மழை.",15,1 1 0.5 1 3 0.5    1 0.5 2 0.5 0.5 1 0.5    2 0.5 2 0.5 1 0.5    2 0.5 2    1 1 0.5 1 3 0.5    1 0.5 2 0.5    1 1    ,2,0,0,14,9,6,2,0,0,1,0,0,0,0,0
"விசும்பின் துளிவீழின் அல்லால்மற் றாங்கே
பசும்புல் தலைகாண்பு அரிது.",16,1 1 0.5 1 0.5    1 1 2 1 0.5    1 0.5 2 0.5 1 0.5    2 0.5 2    1 1 0.5 1 0.5    1 1 2 0.5 0.5    1 1 0.5    ,2,0,0,10,12,5,0,0,0,1,0,2,0,0,0
"நெடுங்கடலும் தன்நீர்மை குன்றும் தடிந்தெழிலி
தான்நல்கா தாகி விடின்.",17,1 1 0.5 1 1 1 0.5    1 0.5 2 0.5 1    1 0.5 1 0.5    1 1 0.5 1 1 1    2 0.5 1 0.5 2    2 1    1 1 0.5    ,0,0,0,10,17,4,0,0,0,1,0,0,0,0,0
"சிறப்பொடு பூசனை செல்லாது வானம்
வறக்குமேல் வானோர்க்கும் ஈண்டு.",18,1 1 0.5 1 0.5    2 1 1    1 0.5 2 0.5    2 1 0.5    1 1 0.5 1 2 0.5    2 2 0.5 0.5 1 0.5    2 0.5 0.5    ,0,1,0,9,10,6,0,0,0,1,0,3,0,0,0
"தானம் தவம்இரண்டும் தங்கா வியன்உலகம்
வானம் வழங்கா தெனின்.",19,2 1 0.5    1 1 1 1 0.5 1 0.5    1 0.5 2    1 1 1 1 1 0.5    2 1 0.5    1 1 0.5 2    1 1 0.5    ,0,0,0,8,17,4,0,0,0,0,0,0,0,0,0
"நீர்இன்று அமையாது உலகெனின் யார்யார்க்கும்
வான்இன்று அமையாது ஒழுக்கு.",20,2 1 0.5 0.5    1 1 2 0.5    1 1 1 1 0.5    2 0.5 2 0.5 0.5 1 0.5    2 1 0.5 0.5    1 1 2 0.5    1 1 0.5 0.5    ,4,0,0,8,7,6,0,0,0,2,0,5,0,0,0
"ஒழுக்கத்து நீத்தார் பெருமை விழுப்பத்து
வேண்டும் பனுவல் துணிவு.",21,1 1 0.5 1 0.5 0.5    2 0.5 2 0.5    1 1 1    1 1 0.5 1 0.5 0.5    2 0.5 1 0.5    1 1 1 0.5    1 1 1    ,1,0,0,9,14,3,0,0,0,1,0,2,0,0,0
"துறந்தார் பெருமை துணைக்கூறின் வையத்து
இறந்தாரை எண்ணிக்கொண் டற்று.",22,1 1 0.5 2 0.5    1 1 1    1 1 0.5 2 1 0.5    2 1 0.5 0.5    1 1 0.5 2 1    1 0.5 1 0.5 1 0.5    1 0.5 0.5    ,2,0,0,10,11,4,0,0,0,3,0,2,0,0,0
"இருமை வகைதெரிந்து ஈண்டுஅறம் பூண்டார்
பெருமை பிறங்கிற்று உலகு.",23,1 1 1    1 1 1 1 0.5 0.5    2 0.5 0.5    2 0.5 2 0.5    1 1 1    1 1 0.5 1 0.5 0.5    1 1 0.5    ,2,1,0,6,10,2,0,0,0,3,0,4,0,0,0
"உரனென்னும் தோட்டியான் ஓரைந்தும் காப்பான்
வரனென்னும் வைப்பிற்கோர் வித்து.",24,1 1 1 0.5 1 0.5    2 0.5 0.5* 2 0.5    2 1 0.5 1 0.5    2 0.5 2 0.5    1 1 1 0.5 1 0.5    2 0.5 1 0.5 2 0.5    1 0.5 0.5    ,1,1,0,14,10,6,0,0,0,1,0,1,1,0,0
"ஐந்தவித்தான் ஆற்றல் அகல்விசும்பு ளார்கோமான்
இந்திரனே சாலுங் கரி.",25,1.5 0.5 1 1 0.5 2 0.5    2 0.5 1 0.5    1 1 0.5 1 1 0.5 0.5    2 0.5 2 2 0.5    1 0.5 1 1 2    2 1 0.5    1 1    ,2,1,0,11,11,6,0,0,1,0,0,1,0,0,0
"செயற்கரிய செய்வார் பெரியர் சிறியர்
செயற்கரிய செய்கலா தார்.",26,1 1 0.5 1 1 1    1 0.5 2 0.5    1 1 1 0.5    1 0.5* 1 0.5    1 1 0.5 1 1 1    1 0.5 1 2    2 0.5    ,0,0,0,8,18,3,0,0,0,0,0,0,1,0,0
"சுவைஒளி ஊறுஓசை நாற்றமென ஐந்தின்
வகைதெரிவான் கட்டே உலகு.",27,1 1    2 0.5    2 0.5 1 1 1    1.5 0.5 1 0.5    1 1 1 1 2 0.5    1 0.5 2    1 1 0.5    ,1,1,0,5,10,3,0,0,1,2,0,2,0,0,0
"நிறைமொழி மாந்தர் பெருமை நிலத்து
மறைமொழி காட்டி விடும்.",28,1 1 1 1    2 0.5 1 0.5    1 1 1    1 1 0.5 0.5    1 1 1 1    2 0.5 1    1 1 0.5    ,0,0,0,5,14,2,0,0,0,3,0,1,0,0,0
"குணமென்னும் குன்றேறி நின்றார் வெகுளி
கணமேயும் காத்தல் அரிது.",29,1 1 1 0.5 1 0.5    1 0.5 2 1    1 0.5 2 0.5    1 1 1    1 1 2 1 0.5    2 0.5 1 0.5    1 1 0.5    ,1,0,0,8,15,4,0,0,0,0,0,1,0,0,0
"அந்தணர் என்போர் அறவோர்மற் றெவ்வுயிர் க்கும்
செந்தண்மை பூண்டொழுக லான்.",30,1 0.5 1 1 0.5    1 0.5 2 0.5    1 1 2 0.5 1 0.5    1 0.5 1 1 0.5    0.5 1 0.5    1 0.5 1 0.5 1    2 0.5 1 1 1    2 0.5    ,3,0,0,14,13,4,0,0,0,1,0,0,0,0,0
"சிறப்பு ஈனும் செல்வமும் ஈனும் அறத்தினூஉங்கு
ஆக்கம் எவனோ உயிர்க்கு.",31,1 1 0.5 0.5    2 1 0.5    1 0.5 1 1 0.5    2 1 0.5    1 1 0.5 1 3 0.5 0.5    2 0.5 1 0.5    1 1 2    1 1 0.5 0.5 0.5    ,3,3,0,11,12,1,1,0,0,0,0,3,0,0,0
"அறத்தினூஉங்கு ஆக்கமும் இல்லை அதனை
மறத்தலின் ஊங்கில்லை கேடு.",32,1 1 0.5 1 3 0.5 0.5    2 0.5 1 1 0.5    1 0.5 1    1 1 1    1 1 0.5 1 1 0.5    2 0.5 1 0.5 1    2 0.5    ,3,2,0,9,10,1,1,0,0,3,0,2,0,0,0
"ஒல்லும் வகையான் அறவினை ஓவாதே
செல்லும்வாய் எல்லாஞ் செயல்.",33,1 0.5 1 0.5    1 1 2 0.5    1 1 1 1    2 2 2    1 0.5 1 0.5 2 0.5    1 0.5 2 0.5    1 1 0.5    ,3,1,0,9,8,5,0,0,0,2,0,0,0,0,0
"மனத்துக்கண் மாசிலன் ஆதல் அனைத்து அறன்
ஆகுல நீர பிற.",34,1 1 0.5 1 0.5 1 0.5    2 1 1 0.5    2 1 0.5    1 1 0.5 0.5    1 1 0.5    2 1 1    2 1    1 1    ,2,2,0,7,13,2,0,0,0,1,0,1,0,0,0
"அழுக்காறு அவாவெகுளி இன்னாச்சொல் நான்கும்
இழுக்கா இயன்றது அறம்.",35,1 1 0.5 2 0.5    1 2 1 1 1    1 0.5 2 0.5 1 0.5    2 0.5 1 0.5    1 1 0.5 2    1 1 0.5 1 0.5    1 1 0.5    ,6,0,0,9,10,5,0,0,0,0,0,2,0,0,0
"அன்றறிவாம் என்னாது அறஞ்செய்க மற்றது
பொன்றுங்கால் பொன்றாத் துணை.",36,1 0.5 1 1 2 0.5    1 0.5 2 0.5    1 1 0.5 1 0.5 1    1 0.5 1 0.5    1 0.5 1 0.5 2 0.5    1 0.5 2 0.5    1 1    ,3,0,0,11,11,4,0,0,0,1,0,2,0,0,0
"அறத்தாறு இதுவென வேண்டா சிவிகை
பொறுத்தானோடு ஊர்ந்தான் இடை.",37,1 1 0.5 2 0.5    1 1 1 1    2 0.5 2    1 1 1    1 1 0.5 2 2 0.5    2 0.5 0.5 2 0.5    1 1    ,3,1,0,6,8,6,0,0,0,2,0,2,0,0,0
"வீழ்நாள் படாஅமை நன்றாற்றின் அஃதொருவன்
வாழ்நாள் வழியடைக்கும் கல்.",38,2 0.5 2 0.5    1 3 1    1 0.5 2 0.5 1 0.5    1 0.5 1 1 1 0.5    2 0.5 2 0.5    1 1 1 1 0.5 1 0.5    1 0.5    ,1,0,1,11,11,5,1,0,0,2,0,0,0,0,0
"அறத்தான் வருவதே இன்பம் மற் றெல்லாம்
புறத்த புகழும் இல.",39,1 1 0.5 2 0.5    1 1 1 2    1 0.5 1 0.5    1 0.5    1 0.5 2 0.5    1 1 0.5 1    1 1 1 0.5    1 1    ,3,0,0,9,14,3,0,0,0,0,0,0,0,0,0
"செயற்பால தோரும் அறனே ஒருவற்கு
உயற்பால தோரும் பழி.",40,1 1 0.5 2 1    2 1 0.5    1 1 2    1 1 1 0.5 0.5    1 1 0.5 2 1    2 1 0.5    1 1    ,3,0,0,5,12,5,0,0,0,0,0,1,0,0,0
"இல்வாழ்வான் என்பான் இயல்புடைய மூவர்க்கும்
நல்லாற்றின் நின்ற துணை.",41,1 0.5 2 0.5 2 0.5    1 0.5 2 0.5    1 1 0.5 1 1 1    2 1 0.5 0.5 1 0.5    1 0.5 2 0.5 1 0.5    1 0.5 1    1 1    ,3,0,0,13,10,5,0,0,0,2,0,0,0,0,0
"துறந்தார்க்கும் துவ்வாதவர்க்கும் இறந்தார்க்கும்
இல்வாழ்வான் என்பான் துணை.",42,1 1 0.5 2 0.5 0.5 1 0.5    1 0.5 2 1 1 0.5 0.5 1 0.5    1 1 0.5 2 0.5 0.5 1 0.5    1 0.5 2 0.5 2 0.5    1 0.5 2 0.5    1 1    ,3,0,0,17,10,6,0,0,0,1,0,0,0,0,0
"தென்புலத்தார் தெய்வம் விருந்தொக்கல் தானென்றாங்கு
ஐம்புலத்தாறு ஓம்பல் தலை.",43,1 0.5 1 1 0.5 2 0.5    1 0.5 1 0.5    1 1 0.5 1 0.5 1 0.5    2 1 0.5 2 0.5 0.5    1.5 0.5 1 1 0.5 2 0.5    2 0.5 1 0.5    1 1    ,0,1,0,14,14,4,0,0,1,1,0,2,0,0,0
"பழியஞ்சிப் பாத்தூண் உடைத்தாயின் வாழ்க்கை
வழியெஞ்சல் எஞ்ஞான்றும் இல்.",44,1 1 1 0.5 1 0.5    2 0.5 2 0.5    1 1 0.5 2 1 0.5    2 0.5 0.5 1    1 1 1 0.5 1 0.5    1 0.5 2 0.5 1 0.5    1 0.5    ,3,0,0,14,10,5,0,0,0,2,0,0,0,0,0
"அன்பும் அறனும் உடைத்தாயின் இல்வாழ்க்கை
பண்பும் பயனும் அது.",45,1 0.5 1 0.5    1 1 1 0.5    1 1 0.5 2 1 0.5    1 0.5 2 0.5 0.5 1    1 0.5 1 0.5    1 1 1 0.5    1 1    ,5,0,0,11,10,2,0,0,0,2,0,0,0,0,0
"அறத்தாற்றின் இல்வாழ்க்கை ஆற்றின் புறத்தாற்றில்
போஒய்ப் பெறுவ தெவன்?",46,1 1 0.5 2 0.5 1 0.5    1 0.5 2 0.5 0.5 1    2 0.5 1 0.5    1 1 0.5 2 0.5 1 0.5    3 0.5 0.5    1 1 1    1 1 0.5    ,2,1,0,14,11,3,1,0,0,1,0,0,0,0,0
"இயல்பினான் இல்வாழ்க்கை வாழ்பவன் என்பான்
முயல்வாருள் எல்லாம் தலை.",47,1 1 0.5 1 2 0.5    1 0.5 2 0.5 0.5 1    2 0.5 1 1 0.5    1 0.5 2 0.5    1 1 0.5 2 1 0.5    1 0.5 2 0.5    1 1    ,4,0,0,13,8,6,0,0,0,2,0,0,0,0,0
"ஆற்றின் ஒழுக் கி அறனிழுக்கா இல்வாழ் க்கை
நோற்பாரின் நோன்மை உடைத்து.",48,2 0.5 1 0.5    1 1 0.5    1    1 1 1 1 0.5 2    1 0.5 2 0.5    0.5 1    2 0.5 2 1 0.5    2 0.5 1    1 1 0.5 0.5    ,4,1,0,11,7,5,0,0,0,3,0,1,0,0,0
"அறன் எனப் பட்டதே இல்வாழ்க்கை அஃதும்
பிறன்பழிப்ப தில்லாயின் நன்று.",49,1 1 0.5    1 1 0.5    1 0.5 1 2    1 0.5 2 0.5 0.5 1    1 0.5 1 0.5    1 1 0.5 1 1 0.5 1    1 0.5 2 1 0.5    1 0.5 0.5    ,4,0,1,12,13,3,0,0,0,1,0,1,0,0,0
"வையத்துள் வாழ்வாங்கு வாழ்பவன் வான்உநற்யும்
தெய்வத்துள் வைக்கப் படும்.",50,2 1 0.5 1 0.5    2 0.5 2 0.5 0.5    2 0.5 1 1 0.5    2 1 1 0.5 1 0.5    1 0.5 1 0.5 1 0.5    2 0.5 1 0.5    1 1 0.5    ,0,0,0,14,13,6,0,0,0,0,0,1,0,0,0
"மனைக்தக்க மாண்புடையள் ஆகித்தற் கொண்டான்
வளத்தக்காள் வாழ்க்கைத் துணை.",51,1 1 0.5 1 0.5 1    2 0.5 1 1 1 0.5    2 1 0.5 1 0.5    1 0.5 2 0.5    1 1 0.5 1 0.5 2 0.5    2 0.5 0.5 1 0.5    1 1    ,0,1,0,14,12,4,0,0,0,4,0,0,0,0,0
"மனைமாட்சி இல்லாள்கண் இல்லாயின் வாழ்க்கை
எனைமாட்சித் தாயினும் இல்.",52,1 1 2 0.5 1    1 0.5 2 0.5 1 0.5    1 0.5 2 1 0.5    2 0.5 0.5 1    1 1 2 0.5 1 0.5    2 1 1 0.5    1 0.5    ,4,0,0,12,7,6,0,0,0,3,0,0,0,0,0
"இல்லதென் இல்லவள் மாண்பானால் உள்ளதென்
இல்லவள் மாணாக் கடை?",53,1 0.5 1 1 0.5    1 0.5 1 1 0.5    2 0.5 2 2 0.5    1 0.5 1 1 0.5    1 0.5 1 1 0.5    2 2 0.5    1 1    ,4,0,0,11,9,5,0,0,0,1,0,0,0,0,0
"பெண்ணின் பெருந்தக்க யாவுள கற்பென்னும்
திண்மைஉண் டாகப் பெறின்.",54,1 0.5 1 0.5    1 1 0.5 1 0.5 1    2 1 1    1 0.5 1 0.5 1 0.5    1 0.5 1    2 1 0.5    1 1 0.5    ,0,0,0,10,15,2,0,0,0,1,0,0,0,0,0
"தெய்வம் தொழாஅள் கொழுநன் தொழுதெழுவாள்
பெய்யெனப் பெய்யும் மழை.",55,1 0.5 1 0.5    1 3 0.5    1 1 1 0.5    1 1 1 1 2 0.5    1 0.5 1 1 0.5    1 0.5 1 0.5    1 1    ,0,0,0,9,16,1,1,0,0,1,0,0,0,0,0
"தற்காத்துத் தற்கொண்டாற் பேணித் தகைசான்ற
சொற்காத்துச் சோர்விலாள் பெண்.",56,1 0.5 2 0.5 1 0.5    1 0.5 1 0.5 2 0.5    2 1 0.5    1 1 2 0.5 1    1 0.5 2 0.5 1 0.5    2 0.5 1 2 0.5    1 0.5    ,0,0,0,14,11,7,0,0,0,1,0,0,0,0,0
"சிறைகாக்கும் காப்பெவன் செய்யும் மகளிர்
நிறைகாக்கும் காப்பே தலை.",57,1 1 2 0.5 1 0.5    2 0.5 1 1 0.5    1 0.5 1 0.5    1 1 1 0.5    1 1 2 0.5 1 0.5    2 0.5 2    1 1    ,0,0,0,10,12,5,0,0,0,3,0,0,0,0,0
"பெற்றாற் பெறின்பெறுவர் பெண்டிர் பெருஞ்சிறப்புப்
புத்தேளிர் வாழும் உலகு.",58,1 0.5 2 0.5    1 1 0.5 1 1 1 0.5    1 0.5 1 0.5    1 1 0.5 1 1 0.5 1 0.5    1 0.5 2 1 0.5    2 1 0.5    1 1 0.5    ,1,0,0,12,17,3,0,0,0,0,0,1,0,0,0
"புகழ்புரிந்த இல்லிலோர்க்கு இல்லை இகழ்வார்முன்
ஏறுபோல் பீடு நடை.",59,1 1 0.5 1 1 0.5 1    1 0.5 1 2 0.5 0.5 0.5    1 0.5 1    1 1 0.5 2 0.5 1 0.5    2 1 2 0.5    2 0.5    1 1    ,3,1,0,10,10,4,0,0,0,2,0,2,0,0,0
"மங்கலம் என்ப மனைமாட்சி மற்று அதன்
நன்கலம் நன்மக்கட் பேறு.",60,1 0.5 1 1 0.5    1 0.5 1    1 1 2 0.5 1    1 0.5 0.5    1 1 0.5    1 0.5 1 1 0.5    1 0.5 1 0.5 1 0.5    2 0.5    ,2,0,0,11,14,2,0,0,0,1,0,2,0,0,0
"பெறுமவற்றுள் யாமறிவது இல்லை அறிவறிந்த
மக்கட்பேறு அல்ல பிற.",61,1 1 1 1 0.5 1 0.5    2 1 1 1 0.5    1 0.5 1    1 1 1 1 0.5 1    1 0.5 1 0.5 2 0.5    1 0.5 1    1 1    ,3,0,0,7,17,2,0,0,0,1,0,2,0,0,0
"எழுபிறப்பும் தீயவை தீண்டா பழிபிறங்காப்
பண்புடை மக்கட் பெறின்.",62,1 1 1 1 0.5 1 0.5    2 1 1    2 0.5 2    1 1 1 1 0.5 2 0.5    1 0.5 1 1    1 0.5 1 0.5    1 1 0.5    ,1,0,0,9,15,4,0,0,0,2,0,0,0,0,0
"தம்பொருள் என்பதம் மக்கள் அவர்பொருள்
தம்தம் வினையான் வரும்.",63,1 0.5 1 1 0.5    1 0.5 1 1 0.5    1 0.5 1 0.5    1 1 0.5 1 1 0.5    1 0.5 1 0.5    1 1 2 0.5    1 1 0.5    ,2,0,0,12,15,1,0,0,0,1,0,0,0,0,0
"அமிழ்தினும் ஆற்ற இனிதேதம் மக்கள்
சிறுகை அளாவிய கூழ்.",64,1 1 0.5 1 1 0.5    2 0.5 1    1 1 2 1 0.5    1 0.5 1 0.5    1 1 1    1 2 1 1    2 0.5    ,3,1,0,7,12,3,0,0,0,1,0,0,0,0,0
"மக்கள்மெய் தீண்டல் உடற்கின்பம் மற்று அவர்
சொற்கேட்டல் இன்பம் செவிக்கு.",65,1 0.5 1 0.5 1 0.5    2 0.5 1 0.5    1 1 0.5 1 0.5 1 0.5    1 0.5 0.5    1 1 0.5    1 0.5 2 0.5 1 0.5    1 0.5 1 0.5    1 1 0.5 0.5    ,3,0,0,16,14,2,0,0,0,0,0,2,0,0,0
"குழல் இனிது யாழ்இனிது என்பதம் மக்கள்
மழலைச்சொல் கேளா தவர்.",66,1 1 0.5    1 1 0.5    2 1 1 0.5    1 0.5 1 1 0.5    1 0.5 1 0.5    1 1 1 0.5 1 0.5    2 2    1 1 0.5    ,2,0,0,8,14,3,0,0,0,1,0,2,0,0,0
"தந்தை மகற்காற்று நன்றி அவையத்து
முந்தி இருப்பச் செயல்.",67,1 0.5 1    1 1 0.5 2 0.5 0.5    1 0.5 1    1 1 1 0.5 0.5    1 0.5 1    1 1 0.5 1 0.5    1 1 0.5    ,2,0,0,9,12,1,0,0,0,2,0,2,0,0,0
"தம்மின்தம் மக்கள் அறிவுடைமை மாநிலத்து
மன்னுயிர்க் கெல்லாம் இனிது.",68,1 0.5 1 0.5 1 0.5    1 0.5 1 0.5    1 1 1 1 1    2 1 1 0.5 0.5    1 0.5 1 1 0.5 0.5    1 0.5 2 0.5    1 1 0.5    ,2,0,0,11,14,2,0,0,0,2,0,2,0,0,0
"ஈன்ற பொழுதின் பெரிதுவக்கும் தன்மகனைச்
சான்றோன் எனக்கேட்ட தாய்.",69,2 0.5 1    1 1 1 0.5    1 1 1 1 0.5 1 0.5    1 0.5 1 1 1 0.5    2 0.5 2 0.5    1 1 0.5 2 0.5 1    2 0.5    ,1,1,0,11,14,4,0,0,0,1,0,0,0,0,0
"மகன்தந்தைக்கு ஆற்றும் உதவி இவன்தந்தை
என்நோற்றான் கொல் எனும் சொல்.",70,1 1 0.5 1 0.5 1 0.5 0.5    2 0.5 1 0.5    1 1 1    1 1 0.5 1 0.5 1    1 0.5 2 0.5 2 0.5    1 0.5    1 1 0.5    1 0.5    ,4,1,0,13,11,2,0,0,0,2,0,1,0,0,0
"அன்பிற்கும் உண்டோ அடைக்குந்தாழ் ஆர்வலர்
புன்கணீர் பூசல் தரும்.",71,1 0.5 1 0.5 1 0.5    1 0.5 2    1 1 0.5 1 0.5 2 0.5    2 0.5 1 1 0.5    1 0.5 1 2 0.5    2 1 0.5    1 1 0.5    ,3,1,0,13,10,4,0,0,0,1,0,0,0,0,0
"அன்பிலார் எல்லாம் தமக்குரியர் அன்புடையார்
என்பும் உரியர் பிறர்க்கு.",71,1 0.5 1 2 0.5    1 0.5 2 0.5    1 1 0.5 1 1 1 0.5    1 0.5 1 1 2 0.5    1 0.5 1 0.5    1 1 1 0.5    1 1 0.5 0.5 0.5    ,5,0,0,13,12,3,0,0,0,1,0,1,0,0,0
"அன்போடு இயைந்த வழக்கென்ப ஆருயிர்க்கு
என்போடு இயைந்த தொடர்பு.",73,1 0.5 2 0.5    1 1 0.5 1    1 1 0.5 1 0.5 1    2 1 1 0.5 0.5 0.5    1 0.5 2 0.5    1 1 0.5 1    1 1 0.5 0.5    ,4,1,0,9,10,2,0,0,0,2,0,4,0,0,0
"அன்பு ஈனும் ஆர்வம் உடைமை அதுஈனும்
நண்பு என்னும் நாடாச் சிறப்பு.",74,1 0.5 0.5    2 1 0.5    2 0.5 1 0.5    1 1 1    1 1    1 0.5 0.5    1 0.5 1 0.5    2 2 0.5    1 1 0.5 0.5    ,4,2,0,9,7,2,0,0,0,2,0,3,0,0,0
"அன்புற்று அமர்ந்த வழக்கென்ப வையகத்து
இன்புற்றார் எய்தும் சிறப்பு.",75,1 0.5 1 0.5 0.5    1 1 0.5 0.5 1    1 1 0.5 1 0.5 1    2 1 1 0.5 0.5    1 0.5 1 0.5 2 0.5    1 0.5 1 0.5    1 1 0.5 0.5    ,4,0,0,13,13,2,0,0,0,0,0,3,0,0,0
"அறத்திற்கே அன்புசார் பென்ப அறியார்
மறத்திற்கும் அஃதே துணை.",76,1 1 0.5 1 0.5 2    1 0.5 1 2 0.5    1 0.5 1    1 0.5* 2 0.5    1 1 0.5 1 0.5 1 0.5    1 0.5 2    1 1    ,4,0,1,9,10,4,0,0,0,1,0,0,1,0,0
"என்பி லதனை வெயில்போலக் காயுமே
அன்பி லதனை அறம்.",77,1 0.5 1    1 1 1    1 1 0.5 2 1 0.5    2 1 2    1 0.5 1    1 1 1    1 1 0.5    ,3,0,0,5,11,3,0,0,0,2,0,0,0,0,0
"அன்பகத் தில்லா உயிர்வாழ்க்கை வன்பாற்கண்
வற்றல் மரந்தளிர்த் தற்று.",78,1 0.5 1 1 0.5    1 0.5 2    1 1 0.5 2 0.5 0.5 1    1 0.5 2 0.5 1 0.5    1 0.5 1 0.5    1 1 0.5 1 1 0.5 0.5    1 0.5 0.5    ,2,0,0,15,13,3,0,0,0,1,0,1,0,0,0
"புறத்துறுப் பெல்லாம் எவன்செய்யும் யாக்கை
அகத்துறுப்பு அன்பி லவர்க்கு.",79,1 1 0.5 1 1 0.5    1 0.5 2 0.5    1 1 0.5 1 0.5 1 0.5    2 0.5 1    1 1 0.5 1 1 0.5 0.5    1 0.5 1    1 1 0.5 0.5 0.5    ,3,0,0,13,14,2,0,0,0,1,0,2,0,0,0
"அன்பின் வழியது உயிர்நிலை அஃதிலார்க்கு
என்புதோல் போர்த்த உடம்பு.",80,1 0.5 1 0.5    1 1 1 0.5    1 1 0.5 1 1    1 0.5 1 2 0.5 0.5 0.5    1 0.5 1 2 0.5    2 0.5 0.5 1    1 1 0.5 0.5    ,5,0,1,10,10,3,0,0,0,1,0,3,0,0,0
"இருந்தோம்பி இல்வாழ்வ தெல்லாம் விருந்தோம்பி
வேளாண்மை செய்தற் பொருட்டு.",81,1 1 0.5 2 0.5 1    1 0.5 2 0.5 1    1 0.5 2 0.5    1 1 0.5 2 0.5 1    2 2 0.5 1    1 0.5 1 0.5    1 1 0.5 0.5    ,2,0,0,12,11,6,0,0,0,1,0,1,0,0,0
"விருந்து புறத்ததாத் தானுண்டல் சாவா
மருந்தெனினும் வேண் டற்பாற் றன்று.",82,1 1 0.5 0.5    1 1 0.5 1 2 0.5    2 1 0.5 1 0.5    2 2    1 1 0.5 1 1 1 0.5    2 0.5    1 0.5 2 0.5    1 0.5 0.5    ,0,0,0,11,14,6,0,0,0,0,0,2,0,0,0
"வருவிருந்து வைகலும் ஓம்புவான் வாழ்க்கை
பருவந்து பாழ்படுதல் இன்று.",83,1 1 1 1 0.5 0.5    2 1 1 0.5    2 0.5 1 2 0.5    2 0.5 0.5 1    1 1 1 0.5 0.5    2 0.5 1 1 1 0.5    1 0.5 0.5    ,1,1,0,10,13,4,0,0,0,1,0,3,0,0,0
"அகனமர்ந்து செய்யாள் உறையும் முகனமர்ந்து
நல்விருந்து ஓம்புவான் இல்.",84,1 1 1 1 0.5 0.5 0.5    1 0.5 2 0.5    1 1 1 0.5    1 1 1 1 0.5 0.5 0.5    1 0.5 1 1 0.5 0.5    2 0.5 1 2 0.5    1 0.5    ,3,1,0,12,13,2,0,0,0,1,0,3,0,0,0
"வித்தும் இடல்வேண்டும் கொல்லோ விருந்தோம்பி
மிச்சில் மிசைவான் புலம்.",85,1 0.5 1 0.5    1 1 0.5 2 0.5 1 0.5    1 0.5 2    1 1 0.5 2 0.5 1    1 0.5 1 0.5    1 1 2 0.5    1 1 0.5    ,1,0,0,12,13,4,0,0,0,1,0,0,0,0,0
"செல்விருந்து ஓம்பி வருவிருந்து பார்த்திருப்பான்
நல்வருந்து வானத் தவர்க்கு.",86,1 0.5 1 1 0.5 0.5    2 0.5 1    1 1 1 1 0.5 0.5    2 0.5 0.5 1 1 0.5 2 0.5    1 0.5 1 1 0.5 0.5    2 1 0.5    1 1 0.5 0.5 0.5    ,0,1,0,13,16,3,0,0,0,0,0,4,0,0,0
"இனைத்துணைத் தென்பதொன் றில்லை விருந்தின்
துணைத்துணை வேள்விப் பயன்.",87,1 1 0.5 1 1 0.5    1 0.5 1 1 0.5    1 0.5 1    1 1 0.5 1 0.5    1 1 0.5 1 1    2 0.5 1 0.5    1 1 0.5    ,1,0,0,11,13,1,0,0,0,5,0,0,0,0,0
"பரிந்தோம்பிப் பற்றற்றேம் என்பர் விருந்தோம்பி
வேள்வி தலைப்படா தார்.",88,1 1 0.5 2 0.5 1 0.5    1 0.5 1 0.5 2 0.5    1 0.5 1 0.5    1 1 0.5 2 0.5 1    2 0.5 1    1 1 0.5 1 2    2 0.5    ,1,0,0,13,12,6,0,0,0,1,0,0,0,0,0
"உடைமையுள் இன்மை விருந்தோம்பல் ஓம்பா
மடமை மடவார்கண் உண்டு.",89,1 1 1 1 0.5    1 0.5 1    1 1 0.5 2 0.5 1 0.5    2 0.5 2    1 1 1    1 1 2 0.5 1 0.5    1 0.5 0.5    ,3,1,0,9,9,3,0,0,0,4,0,1,0,0,0
"மோப்பக் குழையும் அனிச்சம் முகந்திரிந்து
நோக்கக் குநழ்யும் விருந்து.",90,2 0.5 1 0.5    1 1 1 0.5    1 1 0.5 1 0.5    1 1 0.5 1 1 0.5 0.5    2 0.5 1 0.5    1 1 0.5 1 0.5    1 1 0.5 0.5    ,1,0,0,12,15,2,0,0,0,1,0,2,0,0,0
"இன்சொலால் ஈரம் அளைஇப் படிறுஇலவாம்
செம்பொருள் கண்டார்வாய்ச் சொல்.",91,1 0.5 1 2 0.5    2 1 0.5    1 3 0.5    1 1 0.5    1 0.5 1 1 0.5    1 0.5 2 0.5 2 0.5 0.5    1 0.5    ,2,1,0,11,9,3,1,0,0,0,0,1,0,0,0
"அகன்அமர்ந்து ஈதலின் நன்றே முகனமர்ந்து
இன்சொலன் ஆகப் பெறின்.",92,1 1 1 1 0.5 0.5 0.5    2 1 1 0.5    1 0.5 2    1 1 1 1 0.5 0.5 0.5    1 0.5 1 1 0.5    2 1 0.5    1 1 0.5    ,2,2,0,10,15,1,0,0,0,0,0,2,0,0,0
"முகத்தான் அமர்ந் துஇனிது நோக்கி அகத்தானாம்
இன்சொ லினதே அறம்.",93,1 1 0.5 2 0.5    1 1 0.5 0.5    1    2 0.5 1    1 1 0.5 2 2 0.5    1 0.5 1    1 1 2    1 1 0.5    ,4,0,0,9,10,5,0,0,0,0,0,0,0,0,0
"துன்புறூஉம் துவ்வாமை இல்லாகும் யார்மாட்டும்
இன்புறூஉம் இன்சொ லவர்க்கு.",94,1 0.5 1 3 0.5    1 0.5 2 1    1 0.5 2 1 0.5    2 0.5 2 0.5 1 0.5    1 0.5 1 3 0.5    1 0.5 1    1 1 0.5 0.5 0.5    ,3,0,0,13,9,4,2,0,0,1,0,1,0,0,0
"பணிவுடையன் இன்சொலன் ஆதல் ஒருவற்கு
அணியல்ல மற்றுப் பிற.",95,1 1 1 1 1 0.5    1 0.5 1 1 0.5    2 1 0.5    1 1 1 0.5 0.5    1 1 1 0.5 1    1 0.5 1 0.5    1 1    ,3,1,0,8,16,0,0,0,0,1,0,1,0,0,0
"அல்லவை தேய அறம்பெருகும் நல்லவை
நாடி இனிய சொலின்.",96,1 0.5 1 1    2 1    1 1 0.5 1 1 1 0.5    1 0.5 1 1    2 1    1 1 1    1 1 0.5    ,3,0,0,5,13,2,0,0,0,2,0,0,0,0,0
"நயன் ஈன்று நன்றி பயக்கும் பயன்ஈன்று
பண்பின் தலைப்பிரியாச் சொல்.",97,1 1 0.5    2 0.5 0.5    1 0.5 1    1 1 0.5 1 0.5    1 1 2 0.5 0.5    1 0.5 1 0.5    1 1 0.5 1 1 2 0.5    1 0.5    ,0,1,0,11,15,2,0,0,0,1,0,2,0,0,0
"சிறுமையுவு நீங்கிய இன்சொல் மறுமையும்
இம்மையும் இன்பம் தரும்.",98,1 1 1 1 1    2 0.5 1 1    1 0.5 1 0.5    1 1 1 1 0.5    1 0.5 1 1 0.5    1 0.5 1 0.5    1 1 0.5    ,3,0,0,9,14,1,0,0,0,3,0,0,0,0,0
"இன்சொல் இனிதீன்றல் காண்பான் எவன்கொலோ
வன்சொல் வழங்கு வது?",99,1 0.5 1 0.5    1 1 2 0.5 1 0.5    2 0.5 2 0.5    1 1 0.5 1 2    1 0.5 1 0.5    1 1 0.5 0.5    1 1    ,3,0,0,10,11,4,0,0,0,0,0,1,0,0,0
"இனிய உளவாக இன்னாத கூறல்
கனிஇருப்பக் காய்கவர்ந் தற்று.",100,1 1 1    1 1 2 1    1 0.5 2 1    2 1 0.5    1 1    2 0.5 1 1 0.5 0.5    1 0.5 0.5    ,3,0,0,6,11,4,0,0,0,0,0,1,0,0,0
"செய்யாமல் செய்த உதவிக்கு வையகமும்
வானகமும் ஆற்றல் அரிது.",101,1 0.5 2 1 0.5    1 0.5 1    1 1 1 0.5 0.5    2 1 1 1 0.5    2 1 1 1 0.5    2 0.5 1 0.5    1 1 0.5    ,2,1,0,8,14,3,0,0,0,0,0,2,0,0,0
"காலத்தி னாற்செய்த நன்றி சிறிதெனினும்
ஞாலத்தின் மாணப் பெரிது.",102,2 1 0.5 1    2 0.5 1 0.5 1    1 0.5 1    1 1 1 1 1 0.5    2 1 0.5 1 0.5    2 1 0.5    1 1 0.5    ,0,0,0,8,16,4,0,0,0,0,0,1,0,0,0
"பயன்தூக்கார் செய்த உதவி நயன்தூக்கின்
நன்மை கடலின் பெரிது.",103,1 1 0.5 2 0.5 2 0.5    1 0.5 1    1 1 1    1 1 0.5 2 0.5 1 0.5    1 0.5 1    1 1 1 0.5    1 1 0.5    ,1,0,0,9,15,3,0,0,0,1,0,1,0,0,0
"தினைத்துணை நன்றி செயினும் பனைத்துணையாக்
கொள்வர் பயன்தெரி வார்.",104,1 1 0.5 1 1    1 0.5 1    1 1 1 0.5    1 1 0.5 1 1 2 0.5    1 0.5 1 0.5    1 1 0.5 1 1    2 0.5    ,0,0,0,9,15,2,0,0,0,4,0,0,0,0,0
"உதவி வரைத்தன்று உதவி உதவி
செயப்பட்டார் சால்பின் வரைத்து.",105,1 1 1    1 1 0.5 1 0.5 0.5    1 1 1    1 1 1    1 1 0.5 1 0.5 2 0.5    2 0.5 1 0.5    1 1 0.5 0.5    ,3,0,0,8,13,2,0,0,0,2,0,2,0,0,0
"மறவற்க மாசற்றார் கேண்மை துறவற்க
துன்பத்துள் துப்பாயார் நட்பு.",106,1 1 1 0.5 1    2 1 0.5 2 0.5    2 0.5 1    1 1 1 0.5 1    1 0.5 1 0.5 1 0.5    1 0.5 2 2 0.5    1 0.5 0.5    ,0,0,0,11,14,5,0,0,0,1,0,1,0,0,0
"எழுமை எழுபிறப்பும் உள்ளுவர் தங்கண்
விழுமந் துடைத்தவர் நட்பு.",107,1 1 1    1 1 1 1 0.5 1 0.5    1 0.5 1 1 0.5    1 0.5 1 0.5    1 1 1 0.5    1 1 0.5 1 1 0.5    1 0.5 0.5    ,3,0,0,10,16,0,0,0,0,2,0,1,0,0,0
"நன்றி மறப்பது நன்றன்று நன்றல்லது
அன்றே மறப்பது நன்று.",108,1 0.5 1    1 1 0.5 1 0.5    1 0.5 1 0.5 0.5    1 0.5 1 0.5 1 0.5    1 0.5 2    1 1 0.5 1 0.5    1 0.5 0.5    ,1,0,0,9,14,1,0,0,0,0,0,5,0,0,0
"கொன்றன்ன இன்னா செயினும் அவர்செய்த
ஒன்றுநன்று உள்ளக் கெடும்.",109,1 0.5 1 0.5 1    1 0.5 2    1 1 1 0.5    1 1 0.5 1 0.5 1    1 0.5 1 1 0.5 0.5    1 0.5 1 0.5    1 1 0.5    ,4,0,0,11,14,1,0,0,0,0,0,1,0,0,0
"எந்நன்றி கொன்றார்க்கும் உய்வுண்டாம் உய்வில்லை
செய்ந்நன்றி கொன்ற மகற்கு.",110,1 0.5 1 0.5 1    1 0.5 2 0.5 0.5 1 0.5    1 0.5 1 0.5 2 0.5    1 0.5 1 0.5 1    1 1 1 0.5 1    1 0.5 1    1 1 0.5 0.5    ,3,0,0,14,13,2,0,1,0,1,0,1,0,0,0
"தகுதி எனவொன்று நன்றே பகுதியால்
பாற்பட்டு ஒழுகப் பெறின்.",111,1 1 1    1 1 1 0.5 0.5    1 0.5 2    1 1 0.5* 2 0.5    2 0.5 1 0.5 0.5    1 1 1 0.5    1 1 0.5    ,2,0,0,7,13,3,0,0,0,0,0,2,1,0,0
"செப்பம் உடையவன் ஆக்கஞ் சிதைவின்றி
எச்சத்திற் கேமாப்பு உடைத்து.",112,1 0.5 1 0.5    1 1 1 1 0.5    2 0.5 1 0.5    1 1 1 0.5 1    1 0.5 1 0.5 1 0.5    2 2 0.5 0.5    1 1 0.5 0.5    ,3,1,0,11,10,2,0,0,0,3,0,2,0,0,0
"நன்றே தரினும் நடுவிகந்தாம் ஆக்கத்தை
அன்றே யொழிய விடல்.",113,1 0.5 2    1 1 1 0.5    1 1 1 1 0.5 2 0.5    2 0.5 1 0.5 1    1 0.5 2    1 1 1    1 1 0.5    ,1,1,0,8,14,3,0,0,0,1,0,0,0,0,0
"தக்கார் தகவிலர் என்பது அவரவர்
எச்சத்தாற் காணப்ப படும்.",114,1 0.5 2 0.5    1 1 1 1 0.5    1 0.5 1 0.5    1 1 1 1 0.5    1 0.5 1 0.5 2 0.5    2 1 0.5 1    1 1 0.5    ,3,0,0,10,14,3,0,0,0,0,0,1,0,0,0
"கேடும் பெருக்கமும் இல்லல்ல நெஞ்சத்துக்
கோடாமை சான்றோர்க் கணி.",115,2 1 0.5    1 1 0.5 1 1 0.5    1 0.5 1 0.5 1    1 0.5 1 0.5 1 0.5    2 2 1    2 0.5 2 0.5 0.5    1 1    ,1,0,0,11,12,5,0,0,0,1,0,0,0,0,0
"கெடுவல்யான் என்பது அறிகதன் நெஞ்சம்
நடுவொரீஇ அல்ல செயின்.",116,1 1 1 0.5 2 0.5    1 0.5 1 0.5    1 1 1 1 0.5    1 0.5 1 0.5    1 1 1 3    1 0.5 1    1 1 0.5    ,3,0,0,8,15,1,1,0,0,0,0,1,0,0,0
"கெடுவாக வையாது உலகம் நடுவாக
நன்றிக்கண் தங்கியான் தாழ்வு.",117,1 1 2 1    2 2 0.5    1 1 1 0.5    1 1 2 1    1 0.5 1 0.5 1 0.5    1 0.5 0.5* 2 0.5    2 0.5 1    ,1,0,0,7,13,6,0,0,0,0,0,1,1,0,0
"சமன்செய்து சீர்தூக்குங் கோல்போல் அமைந்தொருபால்
கோடாமை சான்றோர்க் கணி.",118,1 1 0.5 1 0.5 0.5    2 0.5 2 0.5 1 0.5    2 0.5 2 0.5    1 1 0.5 1 1 2 0.5    2 2 1    2 0.5 2 0.5 0.5    1 1    ,1,0,0,12,8,9,0,0,0,2,0,1,0,0,0
"சொற்கோட்டம் இல்லது செப்பம் ஒருதலையா
உட்கோட்டம் இன்மை பெறின்.",119,1 0.5 2 0.5 1 0.5    1 0.5 1 0.5    1 0.5 1 0.5    1 1 1 1 2    1 0.5 2 0.5 1 0.5    1 0.5 1    1 1 0.5    ,4,0,0,11,10,3,0,0,0,2,0,1,0,0,0
"வாணிகம் செய்வார்க்கு வாணிகம் பேணிப்
பிறவும் தமபோல் செயின்.",120,2 1 1 0.5    1 0.5 2 0.5 0.5 0.5    2 1 1 0.5    2 1 0.5    1 1 1 0.5    1 1 2 0.5    1 1 0.5    ,0,0,0,9,13,5,0,0,0,0,0,1,0,0,0
"அடக்கம் அமரருள் உய்க்கும் அடங்காமை
ஆரிருள் உய்த்து விடும்.",121,1 1 0.5 1 0.5    1 1 1 1 0.5    1 0.5 0.5 1 0.5    1 1 0.5 2 1    2 1 1 0.5    1 0.5 0.5 0.5    1 1 0.5    ,5,1,0,11,11,1,0,0,0,1,0,1,0,0,0
"காக்க பொருளா அடக்கத்தை ஆக்கம்
அதனினூஉங் கில்லை உயிர்க்கு.",122,2 0.5 1    1 1 2    1 1 0.5 1 0.5 1    2 0.5 1 0.5    1 1 1 3 0.5    1 0.5 1    1 1 0.5 0.5 0.5    ,3,1,0,9,10,2,1,0,0,2,0,1,0,0,0
"செறிவறிந்து சீர்மை பயக்கும் அறிவறிந்து
ஆற்றின் அடங்கப் பெறின்.",123,1 1 1 1 0.5 0.5    2 0.5 1    1 1 0.5 1 0.5    1 1 1 1 0.5 0.5    2 0.5 1 0.5    1 1 0.5 1 0.5    1 1 0.5    ,2,1,0,10,15,1,0,0,0,1,0,2,0,0,0
"நிலையின் திரியாது அடங்கியான் தோற்றம்
மலையினும் மாணப் பெரிது.",124,1 1 1 0.5    1 1 2 0.5    1 1 0.5 0.5* 2 0.5    2 0.5 1 0.5    1 1 1 1 0.5    2 1 0.5    1 1 0.5    ,1,0,0,7,12,4,0,0,0,2,0,2,1,0,0
"எல்லார்க்கும் நன்றாம் பணிதல் அவருள்ளும்
செல்வர்க்கே செல்வம் தகைத்து.",125,1 0.5 2 0.5 0.5 1 0.5    1 0.5 2 0.5    1 1 1 0.5    1 1 1 0.5 1 0.5    1 0.5 1 0.5 0.5 2    1 0.5 1 0.5    1 1 0.5 0.5    ,2,0,0,15,13,3,0,0,0,1,0,1,0,0,0
"ஒருநம்யுள் ஆமைபோல் ஐந்தடக்கல் ஆற்றின்
எழுநம்யும் ஏமாப் புடைத்து.",126,1 1 1 0.5 1 0.5    2 1 2 0.5    1.5 0.5 1 1 0.5 1 0.5    2 0.5 1 0.5    1 1 1 0.5 1 0.5    2 2 0.5    1 1 0.5 0.5    ,2,3,0,12,11,2,0,0,1,2,0,1,0,0,0
"யாகாவா ராயினும் நாகாக்க காவாக்கால்
சோகாப்பர் சொல்லிழுக்குப் பட்டு.",127,2 2 2    2 1 1 0.5    2 2 0.5 1    2 2 0.5 2 0.5    2 2 0.5 1 0.5    1 0.5 1 1 0.5 1 0.5    1 0.5 0.5    ,0,0,0,10,9,11,0,0,0,0,0,1,0,0,0
"ஒன்றானுந் தீச்சொல் பொருட்பயன் உண்டாயின்
நன்றாகா தாகி விடும்.",128,1 0.5 2 1 0.5    2 0.5 1 0.5    1 1 0.5 1 1 0.5    1 0.5 2 1 0.5    1 0.5 2 2    2 1    1 1 0.5    ,2,0,0,10,11,6,0,0,0,0,0,0,0,0,0
"தீயினாற் சுட்டபுண் உள்ளாறும் ஆறாதே
நாவினாற் சுட்ட வடு.",129,2 1 2 0.5    1 0.5 1 1 0.5    1 0.5 2 1 0.5    2 2 2    2 1 2 0.5    1 0.5 1    1 1    ,1,1,0,7,10,7,0,0,0,0,0,0,0,0,0
"கதங்காத்துக் கற்றடங்கல் ஆற்றுவான் செவ்வி
அறம்பார்க்கும் ஆற்றின் நுழைந்து.",130,1 1 0.5 2 0.5 1 0.5    1 0.5 1 1 0.5 1 0.5    2 0.5 1 2 0.5    1 0.5 1    1 1 0.5 2 0.5 0.5 1 0.5    2 0.5 1 0.5    1 1 0.5 0.5    ,1,2,0,16,14,3,0,0,0,1,0,1,0,0,0
"ஒழுக்கம் விழுப்பந் தரலான் ஒழுக்கம்
உயிரினும் ஓம்பப் படும்.",131,1 1 0.5 1 0.5    1 1 0.5 1 0.5    1 1 2 0.5    1 1 0.5 1 0.5    1 1 1 1 0.5    2 0.5 1 0.5    1 1 0.5    ,3,1,0,11,15,1,0,0,0,0,0,0,0,0,0
"பரிந்தோம்பிக் காக்க ஒழுக்கம் தெரிந்தோம்பித்
தேரினும் அஃதே துணை.",132,1 1 0.5 2 0.5 1 0.5    2 0.5 1    1 1 0.5 1 0.5    1 1 0.5 2 0.5 1 0.5    2 1 1 0.5    1 0.5 2    1 1    ,2,0,1,10,12,5,0,0,0,1,0,0,0,0,0
"ஒழுக்கம் உடைமை குடிமை இழுக்கம்
இழிந்த பிறப்பாய் விடும்.",133,1 1 0.5 1 0.5    1 1 1    1 1 1    1 1 0.5 1 0.5    1 1 0.5 1    1 1 0.5 2 0.5    1 1 0.5    ,4,0,0,8,12,1,0,0,0,3,0,0,0,0,0
"மறப்பினும் ஓத்துக் கொளலாகும் பார் ப்பான்
பிறப்பொழுக்கங் குன்றக் கெடும்.",134,1 1 0.5 1 1 0.5    2 0.5 1 0.5    1 1 2 1 0.5    2 0.5    0.5 2 0.5    1 1 0.5 1 1 0.5 1 0.5    1 0.5 1 0.5    1 1 0.5    ,0,1,0,14,17,3,0,0,0,0,0,0,0,0,0
"அழுக்கா றுடையான்கண் ஆக்கம்போன்று இல்லை
ஒழுக்க மிலான்கண் உயர்வு.",135,1 1 0.5 2    1 1 2 0.5 1 0.5    2 0.5 1 0.5 2 0.5 0.5    1 0.5 1    1 1 0.5 1    1 2 0.5 1 0.5    1 1 0.5 1    ,4,1,0,11,10,4,0,0,0,2,0,1,0,0,0
"ஒழுக்கத்தின் ஒல்கார் உரவோர் இழுக்கத்தின்
ஏதம் படுபாக் கறிந்து.",136,1 1 0.5 1 0.5 1 0.5    1 0.5 2 0.5    1 1 2 0.5    1 1 0.5 1 0.5 1 0.5    2 1 0.5    1 1 2 0.5    1 1 0.5 0.5    ,4,1,0,12,12,3,0,0,0,0,0,1,0,0,0
"ஒழுக்கத்தின் எய்துவர் மேன்மை இழுக்கத்தின்
எய்துவர் எய்தாப் பழி.",137,1 1 0.5 1 0.5 1 0.5    1 0.5 1 1 0.5    2 0.5 1    1 1 0.5 1 0.5 1 0.5    1 0.5 1 1 0.5    1 0.5 2 0.5    1 1    ,5,0,0,13,12,2,0,0,0,1,0,0,0,0,0
"நன்றிக்கு வித்தாகும் நல்லொழுக்கம் தீயொழுக்கம்
என்றும் இடும்பை தரும்.",138,1 0.5 1 0.5 0.5    1 0.5 2 1 0.5    1 0.5 1 1 0.5 1 0.5    2 1 1 0.5 1 0.5    1 0.5 1 0.5    1 1 0.5 1    1 1 0.5    ,2,0,0,13,15,2,0,0,0,1,0,1,0,0,0
"ஒழுக்க முடையவர்க்கு ஒல்லாவே தீய
வழுக்கியும் வாயாற் சொலல்.",139,1 1 0.5 1    1 1 1 1 0.5 0.5 0.5    1 0.5 2 2    2 1    1 1 0.5 0.5* 1 0.5    2 2 0.5    1 1 0.5    ,2,0,0,8,11,5,0,0,0,1,0,1,1,0,0
"உலகத்தோடு ஒட்ட ஒழுகல் பலகற்றும்
கல்லார் அறிவிலா தார்.",140,1 1 1 0.5 2 0.5    1 0.5 1    1 1 1 0.5    1 1 1 0.5 1 0.5    1 0.5 2 0.5    1 1 1 2    2 0.5    ,4,0,0,8,12,4,0,0,0,0,0,1,0,0,0
"பிறன்பொருளாள் பெட்டொழுகும் பேதைமை ஞாலத்து
அறம்பொருள் கண்டார்கண் இல்.",141,1 1 0.5 1 1 2 0.5    1 0.5 1 1 1 0.5    2 1 1    2 1 0.5 0.5    1 1 0.5 1 1 0.5    1 0.5 2 0.5 1 0.5    1 0.5    ,2,0,0,11,14,4,0,0,0,2,0,1,0,0,0
"அறன்கடை நின்றாருள் எல்லாம் பிறன்கடை
நின்றாரின் பேதையார் இல்.",142,1 1 0.5 1 1    1 0.5 2 1 0.5    1 0.5 2 0.5    1 1 0.5 1 1    1 0.5 2 1 0.5    2 1 2 0.5    1 0.5    ,3,0,0,10,9,5,0,0,0,3,0,0,0,0,0
"விளிந்தாரின் வேறல்லர் மன்ற தெளிந்தாரில்
தீமை புரிந்து ஒழுகு வார்.",143,1 1 0.5 2 1 0.5    2 1 0.5 1 0.5    1 0.5 1    1 1 0.5 2 1 0.5    2 1    1 1 0.5 0.5    1 1 0.5    2 0.5    ,1,0,0,9,13,5,0,0,0,1,0,2,0,0,0
"எனைத்துணையர் ஆயினும் என்னாம் தினைத்துணையும்
தேரான் பிறனில் புகல்.",144,1 1 0.5 1 1 1 0.5    2 1 1 0.5    1 0.5 2 0.5    1 1 0.5 1 1 1 0.5    2 2 0.5    1 1 1 0.5    1 1 0.5    ,2,1,0,10,12,3,0,0,0,4,0,0,0,0,0
"எளிதென இல்லிறப்பான் எய்துமெஞ் ஞான்றும்
விளியாது நிற்கும் பழி.",145,1 1 1 1    1 0.5 1 1 0.5 2 0.5    1 0.5 1 1 0.5    2 0.5 1 0.5    1 1 2 0.5    1 0.5 1 0.5    1 1    ,3,0,0,9,14,3,0,0,0,0,0,1,0,0,0
"பகைபாவம் அச்சம் பழியென நான்கும்
இகவாவாம் இல்லிறப்பான் கண்.",146,1 1 2 1 0.5    1 0.5 1 0.5    1 1 1 1    2 0.5 1 0.5    1 1 2 2 0.5    1 0.5 1 1 0.5 2 0.5    1 0.5    ,3,0,0,10,12,5,0,0,0,1,0,0,0,0,0
"அறனியலான் இல்வாழ்வான் என்பான் பிறனியலாள்
பெண்மை நயவா தவன்.",147,1 1 1 1 2 0.5    1 0.5 2 0.5 2 0.5    1 0.5 2 0.5    1 1 1 1 2 0.5    1 0.5 1    1 1 2    1 1 0.5    ,3,0,0,9,12,6,0,0,0,1,0,0,0,0,0
"பிறன்மனை நோக்காத பேராண்மை சான்றோர்க்கு
அறனொன்றோ ஆன்ற வொழுக்கு.",148,1 1 0.5 1 1    2 0.5 2 1    2 2 0.5 1    2 0.5 2 0.5 0.5 0.5    1 1 1 0.5 2    2 0.5 1    1 1 0.5 0.5    ,1,1,0,9,9,7,0,0,0,2,0,2,0,0,0
"நலக்குரியார் யாரெனின் நாமநீர் வைப்பின்
பிறர்க்குரியாள் தோள்தோயா தார்.",149,1 1 0.5 1 1 2 0.5    2 1 1 0.5    2 1 2 0.5    2 0.5 1 0.5    1 1 0.5 0.5 1 1 2 0.5    2 0.5 2 2    2 0.5    ,0,0,0,11,12,10,0,0,0,0,0,0,0,0,0
"அறன்வரையான் அல்ல செயினும் பிறன்வரையாள்
பெண்மை நயவாமை நன்று.",150,1 1 0.5 1 1 2 0.5    1 0.5 1    1 1 1 0.5    1 1 0.5 1 1 2 0.5    1 0.5 1    1 1 2 1    1 0.5 0.5    ,2,0,0,8,13,3,0,0,0,4,0,1,0,0,0
"அகழ்வாரைத் தாங்கும் நிலம்போலத் தம்மை
இகழ்வார்ப் பொறுத்தல் தலை.",151,1 1 0.5 2 1 0.5    2 0.5 1 0.5    1 1 0.5 2 1 0.5    1 0.5 1    1 1 0.5 2 0.5 0.5    1 1 0.5 1 0.5    1 1    ,2,0,0,12,11,4,0,0,0,3,0,0,0,0,0
"பொறுத்தல் இறப்பினை என்றும் அதனை
மறத்தல் அதனினும் நன்று.",152,1 1 0.5 1 0.5    1 1 0.5 1 1    1 0.5 1 0.5    1 1 1    1 1 0.5 1 0.5    1 1 1 1 0.5    1 0.5 0.5    ,4,0,0,9,14,0,0,0,0,2,0,1,0,0,0
"இன்நம்யுள் இன்மை விருந்தொரால் வன்மையுள்
வன்மை மடவார்ப் பொறை.",153,1 0.5 1 0.5 1 0.5    1 0.5 1    1 1 0.5 1 2 0.5    1 0.5 1 1 0.5    1 0.5 1    1 1 2 0.5 0.5    1 1    ,2,0,0,11,11,2,0,0,0,4,0,0,0,0,0
"நிறையுடைமை நீங்காமை வேண்டின் பொநற்யுடைமை
போற்றி யொழுகப் படும்.",154,1 1 1 1 1    2 0.5 2 1    2 0.5 1 0.5    1 1 0.5 1 1 1    2 0.5 1    1 1 1 0.5    1 1 0.5    ,0,0,0,7,12,4,0,0,0,6,0,0,0,0,0
"ஒறுத்தாரை ஒன்றாக வையாரே வைப்பர்
பொறுத்தாரைப் பொன்போற் பொதிந்து.",155,1 1 0.5 2 1    1 0.5 2 1    2 2 2    2 0.5 1 0.5    1 1 0.5 2 1 0.5    1 0.5 2 0.5    1 1 0.5 0.5    ,2,0,0,9,8,8,0,0,0,2,0,1,0,0,0
"ஒறுத்தார்க்கு ஒருநாளை இன்பம் பொறுத்தார்க்குப்
பொன்றுந் துணையும் புகழ்.",156,1 1 0.5 2 0.5 0.5 0.5    1 1 2 1    1 0.5 1 0.5    1 1 0.5 2 0.5 0.5 1 0.5    1 0.5 1 0.5    1 1 1 0.5    1 1 0.5    ,3,0,0,13,12,3,0,0,0,2,0,1,0,0,0
"திறனல்ல தற்பிறர் செய்யினும் நோநொந்து
அறனல்ல செய்யாமை நன்று.",157,1 1 1 0.5 1    1 0.5 1 1 0.5    1 0.5 1 1 0.5    2 1 0.5 0.5    1 1 1 0.5 1    1 0.5 2 1    1 0.5 0.5    ,1,0,0,9,16,2,0,0,0,1,0,2,0,0,0
"மிகுதியான் மிக்கவை செய்தாரைத் தாந்தம்
தகுதியான் வென்று விடல்.",158,1 1 0.5* 2 0.5    1 0.5 1 1    1 0.5 2 1 0.5    2 0.5 1 0.5    1 1 0.5* 2 0.5    1 0.5 0.5    1 1 0.5    ,0,0,0,9,11,4,0,0,0,2,0,1,2,0,0
"துறந்தாரின் தூய்மை உடையர் இறந்தார்வாய்
இன்னாச்சொல் நோற்கிற் பவர்.",159,1 1 0.5 2 1 0.5    2 0.5 1    1 1 1 0.5    1 1 0.5 2 0.5 2 0.5    1 0.5 2 0.5 1 0.5    2 0.5 1 0.5    1 1 0.5    ,3,0,0,13,9,6,0,0,0,2,0,0,0,0,0
"உண்ணாது நோற்பார் பெரியர் பிறர்சொல்லும்
இன்னாச்சொல் நோற்பாரின் பின்.",160,1 0.5 2 0.5    2 0.5 2 0.5    1 1 1 0.5    1 1 0.5 1 0.5 1 0.5    1 0.5 2 0.5 1 0.5    2 0.5 2 1 0.5    1 0.5    ,2,0,0,13,10,6,0,0,0,0,0,1,0,0,0
"ஒழுக்காறாக் கொள்க ஒருவன்தன் நெஞ்சத்து
அழுக்காறு இலாத இயல்பு.",161,1 1 0.5 2 2 0.5    1 0.5 1    1 1 1 0.5 1 0.5    1 0.5 1 0.5 0.5    1 1 0.5 2 0.5    1 2 1    1 1 0.5 0.5    ,5,0,0,9,11,4,0,0,0,0,0,3,0,0,0
"விழுப்பேற்றின் அஃதொப்பது இல்லையார் மாட்டும்
அழுக்காற்றின் அன்மை பெறின்.",162,1 1 0.5 2 0.5 1 0.5    1 0.5 1 0.5 1 0.5    1 0.5 1 2 0.5    2 0.5 1 0.5    1 1 0.5 2 0.5 1 0.5    1 0.5 1    1 1 0.5    ,4,0,1,13,10,4,0,0,0,2,0,1,0,0,0
"அறன்ஆக்கம் வேண்டாதான் என்பான் பிறனாக்கம்
பேணாது அழுக்கறுப் பான்.",163,1 1 2 0.5 1 0.5    2 0.5 2 2 0.5    1 0.5 2 0.5    1 1 2 0.5 1 0.5    2 2 0.5    1 1 0.5 1 1 0.5    2 0.5    ,3,0,0,11,8,9,0,0,0,0,0,1,0,0,0
"அழுக்காற்றின் அல்லவை செய்யார் இழுக்காற்றின்
ஏதம் படுபாக்கு அறிந்து.",164,1 1 0.5 2 0.5 1 0.5    1 0.5 1 1    1 0.5 2 0.5    1 1 0.5 2 0.5 1 0.5    2 1 0.5    1 1 2 0.5 0.5    1 1 0.5 0.5    ,4,1,0,12,10,4,0,0,0,1,0,2,0,0,0
"அழுக்காறு உடையார்க்கு அதுசாலும் ஒன்னார்
வழுக்காயும் கேடீன் பது.",165,1 1 0.5 2 0.5    1 1 2 0.5 0.5 0.5    1 1 2 1 0.5    1 0.5 2 0.5    1 1 0.5 2 1 0.5    2 2 0.5    1 1    ,4,0,0,9,8,7,0,0,0,1,0,2,0,0,0
"கொடுப்பது அழுக்கறுப்பான் சுற்றம் உடுப்பதூஉம்
உண்பதூஉம் இன்றிக் கெடும்.",166,1 1 0.5 1 0.5    1 1 0.5 1 1 0.5 2 0.5    1 0.5 1 0.5    1 1 0.5 1 3 0.5    1 0.5 1 3 0.5    1 0.5 1 0.5    1 1 0.5    ,4,0,0,13,14,1,2,0,0,0,0,1,0,0,0
"அவ்வித்து அழுக்காறு உடையானைச் செய்யவள்
தவ்வையைக் காட்டி விடும்.",167,1 0.5 1 0.5 0.5    1 1 0.5 2 0.5    1 1 2 1 0.5    1 0.5 1 1 0.5    1 0.5 1 1 0.5    2 0.5 1    1 1 0.5    ,3,0,0,10,9,3,0,0,0,4,0,2,0,0,0
"அழுக்காறு எனஒரு பாவி திருச்செற்றுத்
தீயுழி உய்த்து விடும்.",168,1 1 0.5 2 0.5    1 1    2 1    1 1 0.5 1 0.5 1 0.5    2 1 1    1 0.5 0.5 0.5    1 1 0.5    ,3,0,0,7,11,3,0,0,0,0,0,2,0,0,0
"அவ்விய நெஞ்சத்தான் ஆக்கமும் செவ்வியான்
கேடும் நினைக்கப் படும்.",169,1 0.5 1 1    1 0.5 1 0.5 2 0.5    2 0.5 1 1 0.5    1 0.5 1 2 0.5    2 1 0.5    1 1 0.5 1 0.5    1 1 0.5    ,1,1,0,12,13,3,0,0,0,1,0,0,0,0,0
"அழுக்கற்று அகன்றாரும் இல்லை அஃதுஇல்லார்
பெருக்கத்தில் தீர்ந்தாரும் இல்.",170,1 1 0.5 1 0.5 0.5    1 1 0.5 2 1 0.5    1 0.5 1    1 0.5 0.5    1 1 0.5 1 0.5 1 0.5    2 0.5 0.5 2 1 0.5    1 0.5    ,5,0,1,12,9,3,0,0,0,1,0,2,0,0,0
"நடுவின்றி நன்பொருள் வெஃகின் குடிபொன்றிக்
குற்றமும் ஆங்கே தரும்.",171,1 1 1 0.5 1    1 0.5 1 1 0.5    1 0.5 1 0.5    1 1 1 0.5 1 0.5    1 0.5 1 1 0.5    2 0.5 2    1 1 0.5    ,0,1,1,10,18,1,0,0,0,0,0,0,0,0,0
"படுபயன் வெஃகிப் பழிப்படுவ செய்யார்
நடுவன்மை நாணு பவர்.",172,1 1 1 1 0.5    1 0.5 1 0.5    1 1 0.5 1 1 1    1 0.5 2 0.5    1 1 1 0.5 1    2 1    1 1 0.5    ,0,0,1,7,18,2,0,0,0,1,0,0,0,0,0
"சிற்றின்பம் வெஃகி அறனல்ல செய்யாரே
மற்றின்பம் வேண்டு பவர்.",173,1 0.5 1 0.5 1 0.5    1 0.5 1    1 1 1 0.5 1    1 0.5 2 2    1 0.5 1 0.5 1 0.5    2 0.5 0.5    1 1 0.5    ,1,0,1,10,14,3,0,0,0,0,0,1,0,0,0
"இலமென்று வெஃகுதல் செய்யார் புலம்வென்ற
புன்மையில் காட்சி யவர்.",174,1 1 1 0.5 0.5    1 0.5 1 1 0.5    1 0.5 2 0.5    1 1 0.5 1 0.5 1    1 0.5 1 1 0.5    2 0.5 1    1 1 0.5    ,1,0,1,10,15,2,0,0,0,1,0,1,0,0,0
"அஃகி அகன்ற அறிவென்னாம் யார்மாட்டும்
வெஃகி வெறிய செயின்.",175,1 0.5 1    1 1 0.5 1    1 1 1 0.5 2 0.5    2 0.5 2 0.5 1 0.5    1 0.5 1    1 1 1    1 1 0.5    ,3,0,2,7,13,3,0,0,0,0,0,0,0,0,0
"அருள்வெஃகி ஆற்றின்கண் நின்றான் பொருள்வெஃகிப்
பொல்லாத சூழக் கெடும்.",176,1 1 0.5 1 0.5 1    2 0.5 1 0.5 1 0.5    1 0.5 2 0.5    1 1 0.5 1 0.5 1 0.5    1 0.5 2 1    2 1 0.5    1 1 0.5    ,1,1,2,11,15,3,0,0,0,0,0,0,0,0,0
"வேண்டற்க வெஃகியாம் ஆக்கம் விளைவயின்
மாண்டற் கரிதாம் பயன்.",177,2 0.5 1 0.5 1    1 0.5 0.5* 2 0.5    2 0.5 1 0.5    1 1 1 1 0.5    2 0.5 1 0.5    1 1 2 0.5    1 1 0.5    ,0,1,1,10,12,4,0,0,0,1,0,0,1,0,0
"அஃகாமை செல்வத்திற்கு யாதெனின் வெஃகாமை
வேண்டும் பிறன்கைப் பொருள்.",178,1 0.5 2 1    1 0.5 1 0.5 1 0.5 0.5    2 1 1 0.5    1 0.5 2 1    2 0.5 1 0.5    1 1 0.5 1 0.5    1 1 0.5    ,1,0,2,9,11,4,0,0,0,3,0,1,0,0,0
"அறனறிந்து வெஃகா அறிவுடையார்ச் சேரும்
திறன்அறிந் தாங்கே திரு.",179,1 1 1 1 0.5 0.5    1 0.5 2    1 1 1 1 2 0.5 0.5    2 1 0.5    1 1 1 1 0.5    2 0.5 2    1 1    ,2,0,1,6,13,5,0,0,0,1,0,1,0,0,0
"இறலீனும் எண்ணாது வெஃகின் விறல்ஈனும்
வேண்டாமை என்னுஞ் செருக்கு.",180,1 1 2 1 0.5    1 0.5 2 0.5    1 0.5 1 0.5    1 1 2 1 0.5    2 0.5 2 1    1 0.5 1 0.5    1 1 0.5 0.5    ,3,0,1,8,10,5,0,0,0,1,0,2,0,0,0
"அறங்கூறான் அல்ல செயினும் ஒருவன்
புறங்கூறான் என்றல் இனிது.",181,1 1 0.5 2 2 0.5    1 0.5 1    1 1 1 0.5    1 1 1 0.5    1 1 0.5 2 2 0.5    1 0.5 1 0.5    1 1 0.5    ,5,0,0,9,11,4,0,0,0,0,0,1,0,0,0
"அறனழீஇ அல்லவை செய்தலின் தீதே
புறனழீஇப் பொய்த்து நகை.",182,1 1 1 3    1 0.5 1 1    1 0.5 1 1 0.5    2 2    1 1 1 3 0.5    1 0.5 0.5 0.5    1 1    ,2,0,0,6,11,2,2,0,0,2,0,1,0,0,0
"புறங்கூறிப் பொய்த்துயிர் வாழ்தலின் சாதல்
அறங்கூற்றும் ஆக்கத் தரும்.",183,1 1 0.5 2 1 0.5    1 0.5 0.5 1 1 0.5    2 0.5 1 1 0.5    2 1 0.5    1 1 0.5 2 0.5 1 0.5    2 0.5 1 0.5    1 1 0.5    ,1,1,0,14,14,4,0,0,0,0,0,0,0,0,0
"கண்ணின்று கண்ணறச் சொல்லினும் சொல்லற்க
முன்னின்று பின்நோக்காச் சொல்.",184,1 0.5 1 0.5 0.5    1 0.5 1 1 0.5    1 0.5 1 1 0.5    1 0.5 1 0.5 1    1 0.5 1 0.5 0.5    1 0.5 2 0.5 2 0.5    1 0.5    ,0,0,0,14,15,2,0,0,0,0,0,2,0,0,0
"அறஞ்சொல்லும் நெஞ்சத்தான் அன்மை புறஞ்சொல்லும்
புன்மையாற் காணப் படும்.",185,1 1 0.5 1 0.5 1 0.5    1 0.5 1 0.5 2 0.5    1 0.5 1    1 1 0.5 1 0.5 1 0.5    1 0.5 1 2 0.5    2 1 0.5    1 1 0.5    ,2,0,0,14,13,3,0,0,0,2,0,0,0,0,0
"பிறன்பழி கூறுவான் தன்பழி யுள்ளும்
திறன்தெரிந்து கூறப் படும்.",186,1 1 0.5 1 1    2 1 2 0.5    1 0.5 1 1    1 0.5 1 0.5    1 1 0.5 1 1 0.5 0.5    2 1 0.5    1 1 0.5    ,0,0,0,9,17,3,0,0,0,0,0,1,0,0,0
"பகச்சொல்லிக் கேளிர்ப் பிரிப்பர் நகச்சொல்லி
நட்பாடல் தேற்றா தவர்.",187,1 1 0.5 1 0.5 1 0.5    2 1 0.5 0.5    1 1 0.5 1 0.5    1 1 0.5 1 0.5 1    1 0.5 2 1 0.5    2 0.5 2    1 1 0.5    ,0,0,0,13,16,4,0,0,0,0,0,0,0,0,0
"துன்னியார் குற்றமும் தூற்றும் மரபினார்
என்னைகொல் ஏதிலார் மாட்டு.",188,1 0.5 1 2 0.5    1 0.5 1 1 0.5    2 0.5 1 0.5    1 1 1 2 0.5    1 0.5 1 1 0.5    2 1 2 0.5    2 0.5 0.5    ,1,1,0,11,11,5,0,0,0,1,0,1,0,0,0
"அறன்நோக்கி ஆற்றுங்கொல் வையம் புறன்நோக்கிப்
புன்சொல் உரைப்பான் பொறை.",189,1 1 0.5 2 0.5 1    2 0.5 1 0.5 1 0.5    2 1 0.5    1 1 0.5 2 0.5 1 0.5    1 0.5 1 0.5    1 1 0.5 2 0.5    1 1    ,2,1,0,13,11,4,0,0,0,2,0,0,0,0,0
"ஏதிலார் குற்றம்போல் தங்குற்றங் காண்கிற்பின்
தீதுண்டோ மன்னும் உயிர்க்கு.",190,2 1 2 0.5    1 0.5 1 0.5 2 0.5    1 0.5 1 0.5 1 0.5    2 0.5 1 0.5 1 0.5    2 1 0.5 2    1 0.5 1 0.5    1 1 0.5 0.5 0.5    ,1,1,0,15,12,5,0,0,0,0,0,1,0,0,0
"பல்லார் முனியப் பயனில சொல்லுவான்
எல்லாரும் எள்ளப் படும்.",191,1 0.5 2 0.5    1 1 1 0.5    1 1 1 1    1 0.5 1 2 0.5    1 0.5 2 1 0.5    1 0.5 1 0.5    1 1 0.5    ,2,0,0,10,14,3,0,0,0,0,0,0,0,0,0
"பயனில பல்லார்முன் சொல்லல் நயனில
நட்டார்கண் செய்தலிற் றீது.",192,1 1 1 1    1 0.5 2 0.5 1 0.5    1 0.5 1 0.5    1 1 1 1    1 0.5 2 0.5 1 0.5    1 0.5 1 1 0.5    2 0.5    ,0,0,0,10,17,3,0,0,0,0,0,1,0,0,0
"நயனிலன் என்பது சொல்லும் பயனில
பாரித் துரைக்கும் உரை.",193,1 1 1 1 0.5    1 0.5 1 0.5    1 0.5 1 0.5    1 1 1 1    2 1 0.5    1 1 0.5 1 0.5    1 1    ,2,0,0,7,14,1,0,0,0,2,0,1,0,0,0
"நயன்சாரா நன்மையின் நீக்கும் பயன்சாராப்
பண்பில்சொல் பல்லா ரகத்து.",194,1 1 0.5 2 2    1 0.5 1 1 0.5    2 0.5 1 0.5    1 1 0.5 2 2 0.5    1 0.5 1 0.5 1 0.5    1 0.5 2    1 1 0.5 0.5    ,0,0,0,12,13,6,0,0,0,1,0,1,0,0,0
"சீர்மை சிறப்பொடு நீங்கும் பயனில
நீர்மை யுடையார் சொலின்.",195,2 0.5 1    1 1 0.5 1 0.5    2 0.5 1 0.5    1 1 1 1    2 0.5 1    1 1 2 0.5    1 1 0.5    ,0,0,0,7,11,4,0,0,0,3,0,1,0,0,0
"பயனில் சொல் பராட்டு வானை மகன்எனல்
மக்கட் பதடி யெனல்.",196,1 1 1 0.5    1 0.5    1 2 0.5 0.5    2 1    1 1 1 1 0.5    1 0.5 1 0.5    1 1 1    1 1 0.5    ,0,0,0,7,16,2,0,0,0,1,0,1,0,0,0
"நயனில சொல்லினுஞ் சொல்லுக சான்றோர்
பயனில சொல்லாமை நன்று.",197,1 1 1 1    1 0.5 1 1 0.5    1 0.5 1 1    2 0.5 2 0.5    1 1 1 1    1 0.5 2 1    1 0.5 0.5    ,0,0,0,7,16,3,0,0,0,1,0,1,0,0,0
"அரும்பயன் ஆயும் அறிவினார் சொல்லார்
பெரும்பயன் இல்லாத சொல்.",198,1 1 0.5 1 1 0.5    2 1 0.5    1 1 1 2 0.5    1 0.5 2 0.5    1 1 0.5 1 1 0.5    1 0.5 2 1    1 0.5    ,3,1,0,10,13,3,0,0,0,0,0,0,0,0,0
"பொருள்தீர்ந்த பொச்சாந்துஞ் சொல்லார் மருள்தீர்ந்த
மாசறு காட்சி யவர்.",199,1 1 0.5 2 0.5 0.5 1    1 0.5 2 0.5 1 0.5    1 0.5 2 0.5    1 1 0.5 2 0.5 0.5 1    2 1 0.5    2 0.5 1    1 1 0.5    ,0,0,0,13,13,6,0,0,0,0,0,1,0,0,0
"சொல்லுக சொல்லிற் பயனுடைய சொல்லற்க
சொல்லிற் பயனிலாச் சொல்.",200,1 0.5 1 1    1 0.5 1 0.5    1 1 1 1 1    1 0.5 1 0.5 1    1 0.5 1 0.5    1 1 1 2 0.5    1 0.5    ,0,0,0,9,18,1,0,0,0,1,0,0,0,0,0
"தீவினையார் அஞ்சார் விழுமியார் அஞ்சுவர்
தீவினை என்னும் செருக்கு.",201,2 1 1 2 0.5    1 0.5 2 0.5    1 1 0.5 2    1 0.5 1 1 0.5    2 1 1    1 0.5 1 0.5    1 1 0.5 0.5    ,3,0,0,8,9,5,0,0,0,2,0,1,1,0,0
"தீயவை தீய பயத்தலால் தீயவை
தீயினும் அஞ்சப் படும்.",202,2 1 1    2 1    1 1 0.5 1 2 0.5    2 1 1    2 1 1 0.5    1 0.5 1 0.5    1 1 0.5    ,1,0,0,6,11,5,0,0,0,2,0,0,0,0,0
"அறிவினுள் எல்லாந் தலையென்ப தீய
செறுவார்க்கும் செய்யா விடல்.",203,1 1 1 1 0.5    1 0.5 2 0.5    1 1 1 0.5 1    2 1    1 1 2 0.5 0.5 1 0.5    1 0.5 2    1 1 0.5    ,2,0,0,9,13,4,0,0,0,1,0,0,0,0,0
"மறந்தும் பிறன்கேடு சூழற்க சூழின்
அறஞ்சூழம் சூழ்ந்தவன் கேடு.",204,1 1 0.5 1 0.5    1 1 0.5 2 0.5    2 1 0.5 1    2 1 0.5    1 1 0.5 2 1 0.5    2 0.5 0.5 1 1 0.5    2 0.5    ,1,0,0,10,12,6,0,0,0,0,0,2,0,0,0
"இலன் என்று தீயவை செய்யற்க செய்யின்
இலனாகும் மற்றும் பெயர்த்து.",205,1 1 0.5    1 0.5 0.5    2 1 1    1 0.5 1 0.5 1    1 0.5 1 0.5    1 1 2 1 0.5    1 0.5 1 0.5    1 1 0.5 0.5 0.5    ,3,0,0,11,13,2,0,0,0,1,0,2,0,0,0
"தீப்பால தான்பிறர்கண் செய்யற்க நோய்ப்பால
தன்னை அடல்வேண்டா தான்.",206,2 0.5 2 1    2 0.5 1 1 0.5 1 0.5    1 0.5 1 0.5 1    2 0.5 0.5 2 1    1 0.5 1    1 1 0.5 2 0.5 2    2 0.5    ,1,0,0,12,10,8,0,0,0,1,0,0,0,0,0
"எனைப்பகை யுற்றாரும் உய்வர் வினைப்பகை
வீயாது பின்சென்று அடும்.",207,1 1 0.5 1 1    1 0.5 2 1 0.5    1 0.5 1 0.5    1 1 0.5 1 1    2 2 0.5    1 0.5 1 0.5 0.5    1 1 0.5    ,3,0,0,9,9,3,0,0,0,4,0,2,0,0,0
"தீயவை செய்தார் கெடுதல் நிழல்தன்னை
வீயாது அஇஉறைந் தற்று.",208,2 1 1    1 0.5 2 0.5    1 1 1 0.5    1 1 0.5 1 0.5 1    2 2 0.5    1    1 0.5 0.5    ,1,0,0,6,9,4,0,0,0,2,0,2,0,0,0
"தன்னைத்தான் காதல னாயின் எனைத்தொன்றும்
துன்னற்க தீவினைப் பால்.",209,1 0.5 1 0.5 2 0.5    2 1 1    2 1 0.5    1 1 0.5 1 0.5 1 0.5    1 0.5 1 0.5 1    2 1 1 0.5    2 0.5    ,1,0,0,11,10,5,0,0,0,3,0,0,0,0,0
"அருங்கேடன் என்பது அறிக மருங்கோடித்
தீவினை செய்யான் எனின்.",210,1 1 0.5 2 1 0.5    1 0.5 1 0.5    1 1 1    1 1 0.5 2 1 0.5    2 1 1    1 0.5 2 0.5    1 1 0.5    ,4,0,0,8,11,4,0,0,0,1,0,1,0,0,0
"கைம்மாறு வேண்டா கடப்பாடு மாரிமாட்டு
என் ஆற்றுங் கொல்லோ உலகு.",211,2 0.5 2 0.5    2 0.5 2    1 1 0.5 2 0.5    2 1 2 0.5 0.5    1 0.5    2 0.5 1 0.5    1 0.5 2    1 1 0.5    ,2,1,0,8,6,8,0,0,0,0,0,4,0,0,0
"தாளாற்றித் தந்த பொருளெல்லாம் தக்கார்க்கு
வேளாண்மை செய்தற் பொருட்டு.",212,2 2 0.5 1 0.5    1 0.5 1    1 1 1 0.5 2 0.5    1 0.5 2 0.5 0.5 0.5    2 2 0.5 1    1 0.5 1 0.5    1 1 0.5 0.5    ,0,0,0,12,11,6,0,0,0,1,0,2,0,0,0
"புத்தே ளுலகத்தும் ஈண்டும் பெறலரிதே
ஒப்புரவின் நல்ல பிற.",213,1 0.5 2    1 1 1 0.5 1 0.5    2 0.5 1 0.5    1 1 1 1 2    1 0.5 1 1 1 0.5    1 0.5 1    1 1    ,1,1,0,8,17,2,0,0,0,0,0,0,0,0,0
"ஒத்த தறவோன் உயிர்வாழ்வான் மற்றையான்
செத்தாருள் வைக்கப் படும்.",214,1 0.5 1    1 1 2 0.5    1 1 0.5 2 0.5 2 0.5    1 0.5 1 2 0.5    1 0.5 2 1 0.5    2 0.5 1 0.5    1 1 0.5    ,2,0,0,12,10,6,0,0,0,1,0,0,0,0,0
"ஊருணி நீர்நிறைந் தற்றே உலகவாம்
பேரறி வாளன் திரு.",215,2 1 1    2 0.5 1 1 0.5    1 0.5 2    1 1 1 2 0.5    2 1 1    2 1 0.5    1 1    ,1,1,0,5,11,5,0,0,0,1,0,0,0,0,0
"பயன்மரம் உள்ளூர்ப் பழுத்தற்றால் செல்வம்
நயனுடை யான்கண் படின்.",216,1 1 0.5 1 1 0.5    1 0.5 2 0.5 0.5    1 1 0.5 1 0.5 2 0.5    1 0.5 1 0.5    1 1 1 1    2 0.5 1 0.5    1 1 0.5    ,1,0,0,13,15,3,0,0,0,1,0,0,0,0,0
"மருந்தாகித் தப்பா மரத்தற்றால் செல்வம்
பெருந்தகை யான்கண் படின்.",217,1 1 0.5 2 1 0.5    1 0.5 2    1 1 0.5 1 0.5 2 0.5    1 0.5 1 0.5    1 1 0.5 1 1    2 0.5 1 0.5    1 1 0.5    ,0,0,0,12,15,4,0,0,0,1,0,0,0,0,0
"இடனில் பருவத்தும் ஒப்புரவிற்கு ஒல்கார்
கடனறி காட்சி யவர்.",218,1 1 1 0.5    1 1 1 0.5 1 0.5    1 0.5 1 1 1 0.5 0.5    1 0.5 2 0.5    1 1 1 1    2 0.5 1    1 1 0.5    ,3,0,0,9,16,2,0,0,0,0,0,1,0,0,0
"நயனுடையான் நல்கூர்ந்தா னாதல் செயும்நீர
செய்யாது அமைகலா வாறு.",219,1 1 1 1 2 0.5    1 0.5 2 0.5 0.5 2    2 1 0.5    1 1 0.5 2 1    1 0.5 2 0.5    1 1 1 2    2 0.5    ,1,0,0,7,10,8,0,0,0,2,0,2,0,0,0
"ஒப்புரவி னால்வரும் கேடெனின் அஃதொருவன்
விற்றுக்கோள் தக்க துடைத்து.",220,1 0.5 1 1 1    2 0.5 1 1 0.5    2 1 1 0.5    1 0.5 1 1 1 0.5    1 0.5 1 0.5 2 0.5    1 0.5 1    1 1 0.5 0.5    ,2,0,1,10,15,3,0,0,0,1,0,1,0,0,0
"வறியார்க்கொன்று ஈவதே ஈகைமற் றெல்லாம்
குறியெதிர்ப்பை நீர துடைத்து.",221,1 0.5* 2 0.5 0.5 1 0.5 0.5    2 1 2    2 1 1 0.5    1 0.5 2 0.5    1 0.5* 1 1 0.5 0.5 1    2 1    1 1 0.5 0.5    ,0,2,0,9,10,4,0,0,0,3,0,2,2,0,0
"நல்லாறு எனினும் கொளல்தீது மேலுலகம்
இல்லெனினும் ஈதலே நன்று.",222,1 0.5 2 0.5    1 1 1 0.5    1 1 0.5 2 0.5    2 1 1 1 0.5    1 0.5 1 1 1 0.5    2 1 2    1 0.5 0.5    ,2,1,0,7,13,4,0,0,0,0,0,3,0,0,0
"இலனென்னும் எவ்வம் உரையாமை ஈதல்
குலனுடையான் கண்ணே யுள.",223,1 1 1 0.5 1 0.5    1 0.5 1 0.5    1 1 2 1    2 1 0.5    1 1 1 1 2 0.5    1 0.5 2    1 1    ,3,1,0,7,11,3,0,0,0,3,0,0,0,0,0
"இன்னாது இரக்கப் படுதல் இரந்தவர்
இன்முகங் காணும் அளவு.",224,1 0.5 2 0.5    1 1 0.5 1 0.5    1 1 1 0.5    1 1 0.5 1 1 0.5    1 0.5 1 1 0.5    2 1 0.5    1 1 1    ,5,0,0,9,13,2,0,0,0,0,0,1,0,0,0
"ஆற்றுவார் ஆற்றல் பசிஆற்றல் அப்பசியை
மாற்றுவார் ஆற்றலின் பின்.",225,2 0.5 1 2 0.5    2 0.5 1 0.5    1 1    1 0.5 1 1 1    2 0.5 1 2 0.5    2 0.5 1 1 0.5    1 0.5    ,1,3,0,10,10,3,0,0,0,1,0,0,0,0,0
"அற்றார் அழிபசி தீர்த்தல் அஃதொருவன்
பெற்றான் பொருள்வைப் புழி.",226,1 0.5 2 0.5    1 1 1 1    2 0.5 0.5 1 0.5    1 0.5 1 1 1 0.5    1 0.5 2 0.5    1 1 0.5 1 0.5    1 1    ,3,0,1,10,12,3,0,0,0,1,0,0,0,0,0
"பாத்தூண் மரீஇ யவனைப் பசியென்னும்
தீப்பிணி தீண்டல் அரிது.",227,2 0.5 2 0.5    1 3    1 1 1 0.5    1 0.5* 1 0.5 1 0.5    2 0.5 1 1    2 0.5 1 0.5    1 1 0.5    ,1,0,0,8,10,4,1,0,0,1,0,1,1,0,0
"ஈத்துவக்கும் இன்பம் அறியார்கொல் தாமுடைமை
வைத்திழக்கும் வன்க ணவர்.",228,2 0.5 1 1 0.5 1 0.5    1 0.5 1 0.5    1 0.5* 2 0.5 1 0.5    2 1 1 1    2 0.5 1 1 0.5 1 0.5    1 0.5 1    1 1 0.5    ,2,1,0,12,13,3,0,0,0,2,0,0,1,0,0
"இரத்தலின் இன்னாது மன்ற நிரப்பிய
தாமே தமியர் உணல்.",229,1 1 0.5 1 1 0.5    1 0.5 2 0.5    1 0.5 1    1 1 0.5 1 1    2 2    1 1 1 0.5    1 1 0.5    ,3,0,0,7,13,3,0,0,0,0,0,1,0,0,0
"சாதலின் இன்னாத தில்லை இனிததூஉம்
ஈதல் இயையாக் கடை.",230,2 1 1 0.5    1 0.5 2 1    1 0.5 1    1 1 1 3 0.5    2 1 0.5    1 1 2 0.5    1 1    ,3,1,0,6,8,3,1,0,0,3,0,0,0,0,0
"ஈதல் இசைபட வாழ்தல் அதுவல்லது
ஊதியம் இல்லை உயிர்க்கு.",231,2 1 0.5    1 1 1 1    2 0.5 1 0.5    1 1 1 0.5 1 0.5    2 0.5* 1 0.5    1 0.5 1    1 1 0.5 0.5 0.5    ,4,2,0,8,9,1,0,0,0,2,0,2,1,0,0
"உரைப்பார் உரைப்பவை எல்லாம் இரப்பார்க்கொன்று
ஈவார்மேல் நிற்கும் புகழ்.",232,1 1 0.5 2 0.5    1 1 0.5 1 1    1 0.5 2 0.5    1 1 0.5 2 0.5 0.5 1 0.5 0.5    2 2 0.5 2 0.5    1 0.5 1 0.5    1 1 0.5    ,4,1,0,14,7,5,0,0,0,3,0,1,0,0,0
"ஒன்றா உலகத்து உயர்ந்த புகழல்லால்
பொன்றாது நிற்பதொன் றில்.",233,1 0.5 2    1 1 1 0.5 0.5    1 1 0.5 0.5 1    1 1 1 0.5 2 0.5    1 0.5 2 0.5    1 0.5 1 1 0.5    1 0.5    ,3,0,0,10,12,3,0,0,0,0,0,2,0,0,0
"நிலவரை நீள்புகழ் ஆற்றின் புலவரைப்
போற்றாது புத்தேள் உலகு.",234,1 1 1 1    2 0.5 1 1 0.5    2 0.5 1 0.5    1 1 1 1 0.5    2 0.5 2 0.5    1 0.5 2 0.5    1 1 0.5    ,1,1,0,8,11,4,0,0,0,2,0,2,0,0,0
"நத்தம்போல் கேடும் உளதாகும் சாக்காடும்
வித்தகர்க் கல்லால் அரிது.",235,1 0.5 1 0.5 2 0.5    2 1 0.5    1 1 2 1 0.5    2 0.5 2 1 0.5    1 0.5 1 1 0.5 0.5    1 0.5 2 0.5    1 1 0.5    ,2,0,0,12,11,6,0,0,0,0,0,1,0,0,0
"தோன்றின் புகழொடு தோன்றுக அஃதிலார்
தோன்றலின் தோன்றாமை நன்று.",236,2 0.5 1 0.5    1 1 1 0.5    2 0.5 1 1    1 0.5 1 2 0.5    2 0.5 1 1 0.5    2 0.5 2 1    1 0.5 0.5    ,1,0,1,8,10,6,0,0,0,1,0,2,0,0,0
"புகழ்பட வாழாதார் தந்நோவார் தம்மை
இகழ்வாரை நோவது எவன்?",237,1 1 0.5 1 1    2 2 2 0.5    1 0.5 2 2 0.5    1 0.5 1    1 1 0.5 2 1    2 1 0.5    1 1 0.5    ,2,0,0,7,9,7,0,0,0,2,0,1,0,0,0
"வசையென்ப வையத்தார்க் கெல்லாம் இசையென்னும்
எச்சம் பெறாஅ விடின்.",238,1 1 1 0.5 1    2 1 0.5 2 0.5 0.5    1 0.5 2 0.5    1 1 1 0.5 1 0.5    1 0.5 1 0.5    1 3    1 1 0.5    ,2,0,0,11,11,3,1,0,0,2,0,0,0,0,0
"வசையிலா வண்பயன் குன்றும் இசையிலா
யாக்கை பொறுத்த நிலம்.",239,1 1 1 2    1 0.5 1 1 0.5    1 0.5 1 0.5    1 1 1 2    2 0.5 1    1 1 0.5 1    1 1 0.5    ,1,0,0,7,13,3,0,0,0,3,0,0,0,0,0
"வசையொழிய வாழ்வாரே வாழ்வார் இசையொழிய
வாழ்வாரே வாழா தவர்.",240,1 1 1 1 1    2 0.5 2 2    2 0.5 2 0.5    1 1 1 1 1    2 0.5 2 2    2 2    1 1 0.5    ,1,0,0,5,9,10,0,0,0,2,0,0,0,0,0
"அருட்செல்வம் செல்வத்துள் செல்வம் பொருட்செல்வம்
பூரியார் கண்ணும் உள.",241,1 1 0.5 1 0.5 1 0.5    1 0.5 1 0.5 1 0.5    1 0.5 1 0.5    1 1 0.5 1 0.5 1 0.5    2 1 2 0.5    1 0.5 1 0.5    1 1    ,2,0,0,14,16,2,0,0,0,0,0,0,0,0,0
"நல்லாற்றாள் நாடி அருளாள்க பல்லாற்றால்
தேரினும் அஃதே துணை.",242,1 0.5 2 0.5 2 0.5    2 1    1 1 2 0.5 1    1 0.5 2 0.5 2 0.5    2 1 1 0.5    1 0.5 2    1 1    ,2,0,1,8,8,8,0,0,0,1,0,0,0,0,0
"அருள்சேர்ந்த நெஞ்சினார்க் கில்லை இருள்சேர்ந்த
இன்னா உலகம் புகல்.",243,1 1 0.5 2 0.5 0.5 1    1 0.5 1 2 0.5 0.5    1 0.5 1    1 1 0.5 2 0.5 0.5 1    1 0.5 2    1 1 1 0.5    1 1 0.5    ,4,0,0,13,11,4,0,0,0,1,0,0,0,0,0
"மன்னுயிர் ஓம்பி அருளாள்வார்க் கு இல்லென்ப
தன்னுயிர் அஞ்சும் வினை.",244,1 0.5 1 1 0.5    2 0.5 1    1 1 2 0.5 2 0.5 0.5    1    1 0.5 1 0.5 1    1 0.5 1 1 0.5    1 0.5 1 0.5    1 1    ,3,1,0,12,13,2,0,0,0,1,0,0,0,0,0
"அல்லல் அருளாள்வார்க்கு இல்லை வளிவழங்கும்
மல்லன்மா ஞாலங் கரி.",245,1 0.5 1 0.5    1 1 2 0.5 2 0.5 0.5 0.5    1 0.5 1    1 1 1 1 0.5 1 0.5    1 0.5 1 0.5 2    2 1 0.5    1 1    ,3,0,0,11,12,4,0,0,0,1,0,1,0,0,0
"பொருள்நீங்கிப் பொச்சாந்தார் என்பர் அருள்நீங்கி
அல்லவை செய்தொழுகு வார்.",246,1 1 0.5 2 0.5 1 0.5    1 0.5 2 0.5 2 0.5    1 0.5 1 0.5    1 1 0.5 2 0.5 1    1 0.5 1 1    1 0.5 1 1 0.5    2 0.5    ,3,0,0,13,11,5,0,0,0,1,0,1,0,0,0
"அருளில்லார்க்கு அவ்வுலகம் இல்லை பொருளில்லார்க்கு
இவ்வுலகம் இல்லாகி யாங்கு.",247,1 1 1 0.5 2 0.5 0.5 0.5    1 0.5 1 1 1 0.5    1 0.5 1    1 1 1 0.5 2 0.5 0.5 0.5    1 0.5 1 1 1 0.5    1 0.5 2 1    2 0.5 0.5    ,5,0,0,13,12,4,0,0,0,1,0,3,0,0,0
"பொருளற்றார் பூப்பர் ஒருகால் அருளற்றார்
அற்றார்மற் றாதல் அரிது.",248,1 1 1 0.5 2 0.5    2 0.5 1 0.5    1 1 2 0.5    1 1 1 0.5 2 0.5    1 0.5 2 0.5 1 0.5    2 1 0.5    1 1 0.5    ,4,0,0,11,10,6,0,0,0,0,0,1,0,0,0
"தெருளாதான் மெய்ப்பொருள் கண்டற்றால் தேரின்
அருளாதான் செய்யும் அறம்.",249,1 1 2 2 0.5    1 0.5 0.5 1 1 0.5    1 0.5 1 0.5 2 0.5    2 1 0.5    1 1 2 2 0.5    1 0.5 1 0.5    1 1 0.5    ,2,0,0,12,12,6,0,0,0,0,0,0,0,0,0
"வலியார்முன் தன்னை நினைக்க தான் தன்னின்
மெலியார்மேல் செல்லு மிடத்து.",250,1 1 2 0.5 1 0.5    1 0.5 1    1 1 0.5 1    2 0.5    1 0.5 1 0.5    1 1 2 0.5 2 0.5    1 0.5 1    1 1 0.5 0.5    ,0,0,0,11,14,4,0,0,0,2,0,1,0,0,0
"தன்னூன் பெருக்கற்குத் தான்பிறிது ஊனுண்பான்
எங்ஙனம் ஆளும் அருள்?",251,1 0.5 2 0.5    1 1 0.5 1 0.5 1 0.5    2 0.5 1 1 0.5    2 1 0.5 2 0.5    1 0.5 1 1 0.5    2 1 0.5    1 1 0.5    ,2,2,0,12,12,3,0,0,0,0,0,1,0,0,0
"பொருளாட்சி போற்றாதார்க்கு இல்லை அருளாட்சி
ஆங்கில்லை ஊன்தின் பவர்க்கு.",252,1 1 2 0.5 1    2 0.5 2 2 0.5 0.5 0.5    1 0.5 1    1 1 2 0.5 1    2 0.5 1 0.5 1    2 0.5 1 0.5    1 1 0.5 0.5 0.5    ,2,2,0,12,9,5,0,0,0,2,0,2,0,0,0
"படைகொண்டார் நெஞ்சம்போல் நன்னூக்காது ஒன்றன்
உடல்சுவை உண்டார் மனம்.",253,1 1 1 0.5 2 0.5    1 0.5 1 0.5 2 0.5    1 0.5 2 0.5 2 0.5    1 0.5 1 0.5    1 1 0.5 1 1    1 0.5 2 0.5    1 1 0.5    ,3,0,0,13,10,5,0,0,0,2,0,1,0,0,0
"ருளல்லது யாதெனின் கொல்லாமை கோறல்
பொருளல்லது அவ்வூன் தினல்.",254,1 1 0.5 1 0.5    2 1 1 0.5    1 0.5 2 1    2 1 0.5    1 1 1 0.5 1 0.5    1 0.5 2 0.5    1 1 0.5    ,1,0,0,8,13,4,0,0,0,1,0,2,0,0,0
"உண்ணாமை உள்ளது உயிர்நிலை ஊனுண்ண
அண்ணாத்தல் செய்யாது அளறு.",255,1 0.5 2 1    1 0.5 1 0.5    1 1 0.5 1 1    2 1 0.5 1    1 0.5 2 0.5 1 0.5    1 0.5 2 0.5    1 1 0.5    ,5,1,0,8,8,3,0,0,0,2,0,3,0,0,0
"தினற்பொருட்டால் கொல்லாது உலகெனின் யாரும்
விலைப்பொருட்டால் ஊன்றருவா ரில்.",256,1 1 0.5 1 1 0.5 2 0.5    1 0.5 2 0.5    1 1 1 1 0.5    2 1 0.5    1 1 0.5 1 1 0.5 2 0.5    2 0.5 1 1 2    1 0.5    ,1,1,0,11,15,5,0,0,0,1,0,1,0,0,0
"உண்ணாமை வேண்டும் புலாஅல் பிறிதொன்றன்
புண்ணது உணர்வார்ப் பெறின்.",257,1 0.5 2 1    2 0.5 1 0.5    1 3 0.5    1 1 1 0.5 1 0.5    1 0.5 1 0.5    1 1 0.5 2 0.5 0.5    1 1 0.5    ,2,0,0,11,11,3,1,0,0,1,0,1,0,0,0
"செயிரின் தலைப்பிரிந்த காட்சியார் உண்ணார்
உயிரின் தலைப்பிரிந்த ஊன்.",258,1 1 1 0.5    1 1 0.5 1 1 0.5 1    2 0.5 0.5* 2 0.5    1 0.5 2 0.5    1 1 1 0.5    1 1 0.5 1 1 0.5 1    2 0.5    ,2,1,0,11,13,3,0,0,0,2,0,0,1,0,0
"அவிசொரிந் தாயிரம் வேட்டலின் ஒன்றன்
உயிர்செகுத் துண்ணாமை நன்று.",259,1 1 1 1 0.5    2 1 1 0.5    2 0.5 1 1 0.5    1 0.5 1 0.5    1 1 0.5 1 1 0.5    1 0.5 2 1    1 0.5 0.5    ,3,0,0,10,13,3,0,0,0,1,0,1,0,0,0
"கொல்லான் புலாலை மறுத்தானைக் கைகூப்பி
எல்லா உயிருந் தொழும்.",260,1 0.5 2 0.5    1 2 1    1 1 0.5 2 1 0.5    2 2 0.5 1    1 0.5 2    1 1 1 0.5    1 1 0.5    ,2,0,0,8,9,6,0,0,0,2,0,0,0,0,0
"உற்றநோய் நோன்றல் உயிர்க்குறுகண் செய்யாமை
அற்றே தவத்திற் குரு.",261,1 0.5 1 2 0.5    2 0.5 1 0.5    1 1 0.5 0.5 1 1 1 0.5    1 0.5 2 1    1 0.5 2    1 1 0.5 1 0.5    1 1    ,3,0,0,11,12,4,0,0,0,1,0,0,0,0,0
"தவமும் தவமுடையார்க்கு ஆகும் அதனை
அஃதிலார் மேற்கொள் வது.",262,1 1 1 0.5    1 1 1 1 2 0.5 0.5 0.5    2 1 0.5    1 1 1    1 0.5 1 2 0.5    2 0.5 1 0.5    1 1    ,2,1,1,7,12,3,0,0,0,2,0,1,0,0,0
"துறந்தார்க்குத் துப்புரவு வேண்டி மறந்தார்கொல்
மற்றை யவர்கள் தவம்.",263,1 1 0.5 2 0.5 0.5 1 0.5    1 0.5 1 1 1    2 0.5 1    1 1 0.5 2 0.5 1 0.5    1 0.5 1    1 1 0.5 1 0.5    1 1 0.5    ,0,0,0,13,17,3,0,0,0,1,0,0,0,0,0
"ஒன்னார்த் தெறலும் உவந்தாரை ஆக்கலும்
எண்ணின் தவத்தான் வரும்.",264,1 0.5 2 0.5 0.5    1 1 1 0.5    1 1 0.5 2 1    2 0.5 1 1 0.5    1 0.5 1 0.5    1 1 0.5 2 0.5    1 1 0.5    ,3,1,0,12,11,3,0,0,0,1,0,0,0,0,0
"வேண்டிய வேண்டியாங் கெய்தலால் செய்தவம்
ஈண்டு முயலப் படும்.",265,2 0.5 1 1    2 0.5 0.5* 2 0.5    1 0.5 1 2 0.5    1 0.5 1 1 0.5    2 0.5 0.5    1 1 1 0.5    1 1 0.5    ,0,1,0,10,12,4,0,0,0,0,0,1,1,0,0
"தவஞ் செய்வார் தங்கருமஞ் செய்வார்மற் றல்லார்
அவஞ்செய்வார் ஆசையுட் பட்டு.",266,1 1 0.5    1 0.5 2 0.5    1 0.5 1 1 1 0.5    1 0.5 2 0.5 1 0.5    1 0.5 2 0.5    1 1 0.5 1 0.5 2 0.5    2 1 1 0.5    1 0.5 0.5    ,1,1,0,15,14,4,0,0,0,1,0,1,0,0,0
"சுடச்சுடரும் பொன்போல் ஒளிவிடும் துன்பஞ்
சுடச்சுட நோற்கிற் பவர்க்கு.",267,1 1 0.5 1 1 1 0.5    1 0.5 2 0.5    1 1 1 1 0.5    1 0.5 1 0.5    1 1 0.5 1 1    2 0.5 1 0.5    1 1 0.5 0.5 0.5    ,1,0,0,12,18,2,0,0,0,0,0,1,0,0,0
"தன்னுயிர் தான்அறப் பெற்றானை ஏனைய
மன்னுயி ரெல்லாந் தொழும்.",268,1 0.5 1 1 0.5    2 1 1 0.5    1 0.5 2 1    2 1 1    1 0.5 1 1    1 0.5 2 0.5    1 1 0.5    ,0,1,0,8,13,3,0,0,0,2,0,0,0,0,0
"கூற்றம் குதித்தலும் கைகூடும் நோற்றலின்
ஆற்றல் தலைப்பட் டவர்க்குல்.",269,2 0.5 1 0.5    1 1 0.5 1 1 0.5    2 2 1 0.5    2 0.5 1 1 0.5    2 0.5 1 0.5    1 1 0.5 1 0.5    1 1 0.5 0.5 1 0.5    ,0,1,0,14,14,4,0,0,0,1,0,0,0,0,0
"இலர்பல ராகிய காரணம் நோற்பார்
சிலர்பலர் நோலா தவர்.",270,1 1 0.5 1 1    2 1 1    2 1 1 0.5    2 0.5 2 0.5    1 1 0.5 1 1 0.5    2 2    1 1 0.5    ,1,0,0,7,13,6,0,0,0,0,0,0,0,0,0
"வஞ்ச மனத்தான் படிற்றொழுக்கம் பூதங்கள்
ஐந்தும் அகத்தே நகும்.",271,1 0.5 1    1 1 0.5 2 0.5    1 1 0.5 1 1 0.5 1 0.5    2 1 0.5 1 0.5    1.5 0.5 1 0.5    1 1 0.5 2    1 1 0.5    ,1,0,0,12,15,3,0,0,1,0,0,0,0,0,0
"வானுயர் தோற்றம் எவன்செய்யும் தன்னெஞ்சம்
தான்அறி குற்றப் படின்.",272,2 1 1 0.5    2 0.5 1 0.5    1 1 0.5 1 0.5 1 0.5    1 0.5 1 0.5 1 0.5    2 1 1    1 0.5 1 0.5    1 1 0.5    ,1,0,0,12,15,3,0,0,0,0,0,0,0,0,0
"வலியில் நிலைமையான் வல்லுருவம் பெற்றம்
புலியின்தோல் போர்த்துமேய்ந் தற்று.",273,1 1 1 0.5    1 1 1 2 0.5    1 0.5 1 1 1 0.5    1 0.5 1 0.5    1 1 1 0.5 2 0.5    2 0.5 0.5 1 2 0.5 0.5    1 0.5 0.5    ,0,0,0,13,15,4,0,0,0,2,0,1,0,0,0
"தவமறைந்து அல்லவை செய்தல் புதல்மறைந்து
வேட்டுவன் புள்சிமிழ்த் தற்று.",274,1 1 1 1 0.5 0.5    1 0.5 1 1    1 0.5 1 0.5    1 1 0.5 1 1 0.5 0.5    2 0.5 1 1 0.5    1 0.5 1 1 0.5 0.5    1 0.5 0.5    ,1,0,0,12,15,1,0,0,0,3,0,3,0,0,0
"பற்றற்றேம் என்பார் படிற்றொழுக்கம் எற்றெற்றென்று
ஏதம் பலவுந் தரும்.",275,1 0.5 1 0.5 2 0.5    1 0.5 2 0.5    1 1 0.5 1 1 0.5 1 0.5    1 0.5 1 0.5 1 0.5 0.5    2 1 0.5    1 1 1 0.5    1 1 0.5    ,2,1,0,14,15,2,0,0,0,0,0,1,0,0,0
"நெஞ்சின் துறவார் துறந்தார்போல் வஞ்சித்து
வாழ்வாரின் வன்கணார் இல்.",276,1 0.5 1 0.5    1 1 2 0.5    1 1 0.5 2 0.5 2 0.5    1 0.5 1 0.5 0.5    2 0.5 2 1 0.5    1 0.5 1 2 0.5    1 0.5    ,1,0,0,13,11,6,0,0,0,0,0,1,0,0,0
"புறங்குன்றி கண்டனைய ரேனும் அகங்குன்றி
முக்கிற் கரியார் உடைத்து.",277,1 1 0.5 1 0.5 1    1 0.5 1 1 1    2 1 0.5    1 1 0.5 1 0.5 1    1 0.5 1 0.5    1 1 2 0.5    1 1 0.5 0.5    ,2,0,0,10,15,2,0,0,0,2,0,1,0,0,0
"மனத்தது மாசாக மாண்டார் நீராடி
மறைந்தொழுகு மாந்தர் பலர்.",278,1 1 0.5 1 0.5    2 2 1    2 0.5 2 0.5    2 2 1    1 1 0.5 1 1 0.5    2 0.5 1 0.5    1 1 0.5    ,0,0,0,7,11,7,0,0,0,1,0,2,0,0,0
"கணைகொடிது யாழ்கோடு செவ்விதுஆங் கன்ன
வினைபடு பாலால் கொளல்.",279,1 1 1 1 0.5    2 0.5 2 0.5    1 0.5 1 0.5    1 0.5 1    1 1 1 0.5    2 2 0.5    1 1 0.5    ,0,0,0,5,11,4,0,0,0,2,0,4,0,0,0
"மழித்தலும் நீட்டலும் வேண்டா உலகம்
பழித்தது ஒழித்து விடின்.",280,1 1 0.5 1 1 0.5    2 0.5 1 1 0.5    2 0.5 2    1 1 1 0.5    1 1 0.5 1 0.5    1 1 0.5 0.5    1 1 0.5    ,2,0,0,9,14,3,0,0,0,0,0,2,0,0,0
"எள்ளாமை வேண்டுவான் என்பான் எனைத்தொன்றும்
கள்ளாமை காக்கதன் நெஞ்சு.",281,1 0.5 2 1    2 0.5 1 2 0.5    1 0.5 2 0.5    1 1 0.5 1 0.5 1 0.5    1 0.5 2 1    2 0.5 1 1 0.5    1 0.5 0.5    ,3,0,0,12,7,6,0,0,0,3,0,1,0,0,0
"உள்ளத்தால் உள்ளலும் தீதே பிறன்பொருளைக்
கள்ளத்தால் கள்வேம் எனல்.",282,1 0.5 1 0.5 2 0.5    1 0.5 1 1 0.5    2 2    1 1 0.5 1 1 1 0.5    1 0.5 1 0.5 2 0.5    1 0.5 2 0.5    1 1 0.5    ,3,0,0,13,11,5,0,0,0,1,0,0,0,0,0
"களவினால் ஆகிய ஆக்கம் அளவிறந்து
ஆவது போலக் கெடும்.",283,1 1 1 2 0.5    2 1 1    2 0.5 1 0.5    1 1 1 1 0.5 0.5    2 1 0.5    2 1 0.5    1 1 0.5    ,1,3,0,6,13,2,0,0,0,0,0,2,0,0,0
"களவின்கண் கன்றிய காதல் விளைவின்கண்
வீயா விழுமம் தரும்.",284,1 1 1 0.5 1 0.5    1 0.5 1 1    2 1 0.5    1 1 1 0.5 1 0.5    2 2    1 1 1 0.5    1 1 0.5    ,0,0,0,8,16,3,0,0,0,1,0,0,0,0,0
"அருள்கருதி அன்புடைய ராதல் பொருள்கருதிப்
பொச்சாப்புப் பார்ப்பார்கண் இல்.",285,1 1 0.5 1 1 1    1 0.5 1 1 1    2 1 0.5    1 1 0.5 1 1 1 0.5    1 0.5 2 0.5 1 0.5    2 0.5 0.5 2 0.5 1 0.5    1 0.5    ,3,0,0,13,15,4,0,0,0,1,0,0,0,0,0
"அளவின்கண் நின்றொழுகல் ஆற்றார் களவின்கண்
கன்றிய காத லவர்.",286,1 1 1 0.5 1 0.5    1 0.5 1 1 1 0.5    2 0.5 2 0.5    1 1 1 0.5 1 0.5    1 0.5 1 1    2 1    1 1 0.5    ,1,1,0,10,17,2,0,0,0,0,0,0,0,0,0
"களவென்னும் காரறி வாண்மை அளவென்னும்
ஆற்றல் புரிந்தார்கண்ட இல்.",287,1 1 1 0.5 1 0.5    2 1 1    2 0.5 1    1 1 1 0.5 1 0.5    2 0.5 1 0.5    1 1 0.5 2 0.5 1 0.5 1    1 0.5    ,2,1,0,11,14,3,0,0,0,1,0,0,0,0,0
"அளவறாந்தார் நெஞ்சத் தறம்போல நிற்கும்
களவறிந்தார் நெஞ்சில் கரவு.",288,1 1 1 2 0.5 2 0.5    1 0.5 1 0.5    1 1 0.5 2 1    1 0.5 1 0.5    1 1 1 1 0.5 2 0.5    1 0.5 1 0.5    1 1 1    ,1,0,0,11,18,4,0,0,0,0,0,0,0,0,0
"அளவல்ல செய்தாங்கே வீவர் களவல்ல
மற்றைய தேற்றா தவர்.",289,1 1 1 0.5 1    1 0.5 2 0.5 2    2 1 0.5    1 1 1 0.5 1    1 0.5 1 1    2 0.5 2    1 1 0.5    ,1,0,0,8,13,5,0,0,0,1,0,0,0,0,0
"கள்வார்க்குத் தள்ளும் உயிர்நிலை கள்வார்க்குத்
தள்ளாது புத்தே ளுளகு.",290,1 0.5 2 0.5 0.5 1 0.5    1 0.5 1 0.5    1 1 0.5 1 1    1 0.5 2 0.5 0.5 1 0.5    1 0.5 2 0.5    1 0.5 2    1 1 0.5    ,1,0,0,13,12,4,0,0,0,1,0,2,0,0,0
"வாய்மை எனப்படுவது யாதெனின் யாதொன்றும்
தீமை இலாத சொலல்.",291,2 0.5 1    1 1 0.5 1 1 1 0.5    2 1 1 0.5    2 1 0.5 1 0.5    2 1    1 2 1    1 1 0.5    ,2,0,0,6,11,5,0,0,0,2,0,1,0,0,0
"பொய்மையும் வாய்மை யிடத்த புரைதீர்ந்த
நன்மை பயக்கும் எனின்.",292,1 0.5 1 1 0.5    2 0.5 1    1 1 0.5 1    1 1 2 0.5 0.5 1    1 0.5 1    1 1 0.5 1 0.5    1 1 0.5    ,1,0,0,10,12,2,0,0,0,4,0,0,0,0,0
"தன்நெஞ் சறிவது பொய்யற்க பொய்த்தபின்
தன்நெஞ்சே தன்னைச் சுடும்.",293,1 0.5 1 0.5    1 1 1 0.5    1 0.5 1 0.5 1    1 0.5 0.5 1 1 0.5    1 0.5 1 0.5 2    1 0.5 1 0.5    1 1 0.5    ,0,0,0,12,16,1,0,0,0,1,0,1,0,0,0
"உள்ளத்தாற் பொய்யா தொழுகின் உலகத்தார்
உள்ளத்து ளெல்லாம் உளன்.",294,1 0.5 1 0.5 2 0.5    1 0.5 2    1 1 1 0.5    1 1 1 0.5 2 0.5    1 0.5 1 0.5 0.5    1 0.5 2 0.5    1 1 0.5    ,4,0,0,12,10,4,0,0,0,0,0,1,0,0,0
"மனத்தொடு வாய்மை மொழியின் தவத்தொடு
தானஞ்செய் வாரின் தலை.",295,1 1 0.5 1 0.5    2 0.5 1    1 1 1 0.5    1 1 0.5 1 0.5    2 1 0.5 1 0.5    2 1 0.5    1 1    ,0,0,0,7,13,3,0,0,0,2,0,2,0,0,0
"பொய்யாமை அன்ன புகழில்லை எய்யாமை
எல்லா அறமுந் தரும்.",296,1 0.5 2 1    1 0.5 1    1 1 1 0.5 1    1 0.5 2 1    1 0.5 2    1 1 1 0.5    1 1 0.5    ,4,0,0,7,9,3,0,0,0,3,0,0,0,0,0
"பொய்யாமை பொய்யாமை ஆற்றின் அறம்பிற
செய்யாமை செய்யாமை நன்று.",297,1 0.5 2 1    1 0.5 2 1    2 0.5 1 0.5    1 1 0.5 1 1    1 0.5 2 1    1 0.5 2 1    1 0.5 0.5    ,1,1,0,8,9,4,0,0,0,4,0,1,0,0,0
"புறள்தூய்மை நீரான் அமையும் அகந்தூய்மை
வாய்மையால் காணப் படும்.",298,1 1 0.5 2 0.5 1    2 2 0.5    1 1 1 0.5    1 1 0.5 2 0.5 1    2 0.5 1 2 0.5    2 1 0.5    1 1 0.5    ,2,0,0,10,7,7,0,0,0,4,0,0,0,0,0
"எல்லா விளக்கும் விளக்கல்ல சான்றோர்க்குப்
பொய்யா விளக்கே விளக்கு.",299,1 0.5 2    1 1 0.5 1 0.5    1 1 0.5 1 0.5 1    2 0.5 2 0.5 0.5 1 0.5    1 0.5 2    1 1 0.5 2    1 1 0.5 0.5    ,1,0,0,12,13,5,0,0,0,0,0,1,0,0,0
"யாமெய்யாக் கண்டவற்றுள் இல்லை எனைத்தொன்றும்
வாய்மையின் நல்ல பிற.",300,2 1 0.5 2 0.5    1 0.5 1 1 0.5 1 0.5    1 0.5 1    1 1 0.5 1 0.5 1 0.5    2 0.5 1 1 0.5    1 0.5 1    1 1    ,2,0,0,12,12,3,0,0,0,3,0,0,0,0,0
"செல்லிடத்துக் காப்பான் சினங்காப்பான் அல்லிடத்துக்
காக்கின்என் காவாக்கால் என்?",301,1 0.5 1 1 0.5 1 0.5    2 0.5 2 0.5    1 1 0.5 2 0.5 2 0.5    1 0.5 1 1 0.5 1 0.5    2 0.5 1 1 0.5    2 2 0.5 2 0.5    1 0.5    ,2,0,0,16,11,8,0,0,0,0,0,0,0,0,0
"செல்லா இடத்துச் சினந்தீது செல்லிடத்தும்
இல்அதனின் தீய பிற.",302,1 0.5 2    1 1 0.5 1 0.5    1 1 0.5 2 0.5    1 0.5 1 1 0.5 1 0.5    1 1 1 1 0.5    2 1    1 1    ,2,0,0,8,15,3,0,0,0,0,0,1,0,0,0
"மறத்தல் வெகுளியை யார்மாட்டும் தீய
பிறத்தல் அதனான் வரும்.",303,1 1 0.5 1 0.5    1 1 1 1    2 0.5 2 0.5 1 0.5    2 1    1 1 0.5 1 0.5    1 1 2 0.5    1 1 0.5    ,1,0,0,9,14,4,0,0,0,1,0,0,0,0,0
"நகையும் உவகையும் கொல்லும் சினத்தின்
பகையும் உளவோ பிற.",304,1 1 1 0.5    1 1 1 1 0.5    1 0.5 1 0.5    1 1 0.5 1 0.5    1 1 1 0.5    1 1 2    1 1    ,2,0,0,7,14,1,0,0,0,3,0,0,0,0,0
"தன்னைத்தான் காக்கின் சினங்காக்க காவாக்கால்
தன்னையே கொல்லுஞ் சினம்.",305,1 0.5 1 0.5 2 0.5    2 0.5 1 0.5    1 1 0.5 2 0.5 1    2 2 0.5 2 0.5    1 0.5 1 2    1 0.5 1 0.5    1 1 0.5    ,0,0,0,13,10,7,0,0,0,2,0,0,0,0,0
"சினமென்னும் சேர்ந்தாரைக் கொல்லி இனமென்னும்
ஏமப் புணையைச் சுடும்.",306,1 1 1 0.5 1 0.5    2 0.5 0.5 2 1 0.5    1 0.5 1    1 1 1 0.5 1 0.5    2 1 0.5    1 1 1 0.5    1 1 0.5    ,1,1,0,11,13,2,0,0,0,3,0,0,0,0,0
"சினத்தைப் பொருளென்று கொண்டவன் கேடு
நிலத்தறைந்தான் கைபிழையா தற்று.",307,1 1 0.5 1 0.5    1 1 1 0.5 0.5    1 0.5 1 1 0.5    2 0.5    1 1 0.5 1 1 0.5 2 0.5    2 1 1 2    1 0.5 0.5    ,0,0,0,9,13,4,0,0,0,3,0,3,0,0,0
"இணர்எரி தோய்வன்ன இன்னா செயினும்
புணரின் வெகுளாமை நன்று.",308,1 1 1 1    2 0.5 1 0.5 1    1 0.5 2    1 1 1 0.5    1 1 1 0.5    1 1 2 1    1 0.5 0.5    ,2,0,0,6,14,3,0,0,0,1,0,1,0,0,0
"உள்ளிய தெல்லாம் உடனெய்தும் உள்ளத்தால்
உள்ளான் வெகுளி எனின்.",309,1 0.5 1 1    1 0.5 2 0.5    1 1 1 0.5 1 0.5    1 0.5 1 0.5 2 0.5    1 0.5 2 0.5    1 1 1    1 1 0.5    ,5,0,0,11,11,3,0,0,0,0,0,0,0,0,0
"இறந்தார் இறந்தார் அனையர் சினத்தைத்
துறந்தார் துறந்தார் துணை.",310,1 1 0.5 2 0.5    1 1 0.5 2 0.5    1 1 1 0.5    1 1 0.5 1 0.5    1 1 0.5 2 0.5    1 1 0.5 2 0.5    1 1    ,3,0,0,11,10,4,0,0,0,3,0,0,0,0,0
"சிறப்பீனும் செல்வம் பெறினும் பிறர்க்கு இன்னா
செய்யாமை மாசற்றார் கோள்.",311,1 1 0.5 2 1 0.5    1 0.5 1 0.5    1 1 1 0.5    1 1 0.5 0.5 0.5    1 0.5 2    1 0.5 2 1    2 1 0.5 2 0.5    2 0.5    ,1,0,0,12,12,6,0,0,0,1,0,1,0,0,0
"கறுத்துஇன்னா செய்தவக் கண்ணும் மறுத்தின்னா
செய்யாமை மாசற்றார் கோள்.",312,1 1 0.5 0.5    1 0.5 1 1 0.5    1 0.5 1 0.5    1 1 0.5 1 0.5 2    1 0.5 2 1    2 1 0.5 2 0.5    2 0.5    ,0,0,0,11,12,5,0,0,0,1,0,1,0,0,0
"செய்யாமல் செற்றார்க்கும் இன்னாத செய்தபின்
உய்யா விழுமந் தரும்.",313,1 0.5 2 1 0.5    1 0.5 2 0.5 0.5 1 0.5    1 0.5 2 1    1 0.5 1 1 0.5    1 0.5 2    1 1 1 0.5    1 1 0.5    ,2,0,0,12,13,4,0,0,0,0,0,0,0,0,0
"இன்னாசெய் தாரை ஒறுத்தல் அவர்நாண
நன்னயஞ் செய்து விடல்.",314,1 0.5 2 1 0.5    2 1    1 1 0.5 1 0.5    1 1 0.5 2 1    1 0.5 1 1 0.5    1 0.5 0.5    1 1 0.5    ,3,0,0,9,11,3,0,0,0,1,0,1,0,0,0
